"","X","r_st_neo","r_st_relict","ID","lat","lon","r","r_neo","r_relict"
"1",1,0.959,0,26456,11.1667,-74,27,2,0
"2",2,0.745,0,26457,11.1667,-73.7333,24,1,0
"3",3,0.736,0,26458,11.1667,-73.4667,25,1,0
"4",4,0.745,0,26459,11.1667,-73.2,23,1,0
"5",5,0.763,0,26460,11.1667,-72.9333,23,1,0
"6",6,0.819,0,26462,11.1667,-72.4,18,1,0
"7",7,0.983,0,26495,10.9,-74,43,3,0
"8",8,0.9,0,26496,10.9,-73.7333,40,2,0
"9",9,0.9,0,26497,10.9,-73.4667,36,2,0
"10",10,0.892,0,26498,10.9,-73.2,39,2,0
"11",11,0.52,0,26499,10.9,-72.9333,41,1,0
"12",12,0.987,0,26539,10.6333,-74,38,3,0
"13",13,0.926,0,26540,10.6333,-73.7333,36,2,0
"14",14,0.937,0,26541,10.6333,-73.4667,36,2,0
"15",15,0.698,0,26542,10.6333,-73.2,29,1,0
"16",16,0,0.648,26567,10.6333,-66.2667,30,0,1
"17",17,0,0.658,26575,10.6333,-62.8,29,0,1
"18",18,0,0.641,26576,10.6333,-62.5333,30,0,1
"19",19,0,0.664,26577,10.6333,-62.2667,29,0,1
"20",20,0.941,0,26599,10.3667,-74,32,2,0
"21",21,0.682,0,26600,10.3667,-73.7333,30,1,0
"22",22,0.937,0,26601,10.3667,-73.4667,34,2,0
"23",23,0.843,0,26603,10.3667,-72.9333,49,2,0
"24",24,0,0.748,26617,10.3667,-69.2,21,0,1
"25",25,0,0.597,26618,10.3667,-68.9333,35,0,1
"26",26,0,0.571,26619,10.3667,-68.6667,34,0,1
"27",27,0,0.595,26620,10.3667,-68.4,34,0,1
"28",28,0,0.581,26621,10.3667,-68.1333,34,0,1
"29",29,0,0.616,26622,10.3667,-67.8667,33,0,1
"30",30,0,0.6,26623,10.3667,-67.6,34,0,1
"31",31,0,0.6,26624,10.3667,-67.3333,34,0,1
"32",32,0,0.605,26625,10.3667,-67.0667,34,0,1
"33",33,0,0.575,26626,10.3667,-66.8,34,0,1
"34",34,0,0.574,26627,10.3667,-66.5333,34,0,1
"35",35,0.974,0,26658,10.1,-74,27,2,0
"36",36,0.736,0,26659,10.1,-73.7333,26,1,0
"37",37,0.844,0,26662,10.1,-72.9333,48,2,0
"38",38,0,0.566,26675,10.1,-69.2,36,0,1
"39",39,0,0.508,26676,10.1,-68.9333,40,0,1
"40",40,0,0.586,26677,10.1,-68.6667,35,0,1
"41",41,0,0.575,26678,10.1,-68.4,35,0,1
"42",42,0,0.561,26679,10.1,-68.1333,35,0,1
"43",43,0,0.655,26680,10.1,-67.8667,30,0,1
"44",44,0,0.599,26681,10.1,-67.6,33,0,1
"45",45,0,0.614,26682,10.1,-67.3333,33,0,1
"46",46,0,0.585,26683,10.1,-67.0667,34,0,1
"47",47,0,0.59,26684,10.1,-66.8,34,0,1
"48",48,0,0.604,26685,10.1,-66.5333,34,0,1
"49",49,0,0.582,26686,10.1,-66.2667,34,0,1
"50",50,0,0.62,26687,10.1,-66,31,0,1
"51",51,0.578,0,26728,9.8333,-72.9333,38,1,0
"52",52,0,0.899,26735,9.8333,-70.2667,39,0,2
"53",53,0,0.837,26736,9.8333,-70,47,0,2
"54",54,0,0.92,26737,9.8333,-69.7333,37,0,2
"55",55,0,0.89,26738,9.8333,-69.4667,37,0,2
"56",56,0.665,0,26792,9.5667,-73.2,30,1,0
"57",57,0,0.894,26800,9.5667,-70.5333,37,0,2
"58",58,0,0.905,26801,9.5667,-70.2667,40,0,2
"59",59,0,0.807,26802,9.5667,-70,48,0,2
"60",60,0,0.914,26803,9.5667,-69.7333,37,0,2
"61",61,0,0.881,26804,9.5667,-69.4667,37,0,2
"62",62,0.696,0,26865,9.3,-73.2,30,1,0
"63",63,0,0.887,26873,9.3,-70.8,40,0,2
"64",64,0,0.888,26874,9.3,-70.5333,40,0,2
"65",65,0,0.87,26875,9.3,-70.2667,40,0,2
"66",66,0,0.817,26876,9.3,-70,46,0,2
"67",67,0,0.903,26877,9.3,-69.7333,36,0,2
"68",68,0.667,0,26942,9.0333,-73.4667,32,1,0
"69",69,0,0.753,26951,9.0333,-71.0667,54,0,2
"70",70,0,0.841,26952,9.0333,-70.8,48,0,2
"71",71,0,0.745,26953,9.0333,-70.5333,54,0,2
"72",72,0,0.789,26954,9.0333,-70.2667,51,0,2
"73",73,0,0.508,26955,9.0333,-70,42,0,1
"74",74,0.758,0,27024,8.7667,-73.4667,23,1,0
"75",75,0,0.781,27032,8.7667,-71.3333,52,0,2
"76",76,0,0.838,27033,8.7667,-71.0667,46,0,2
"77",77,0,0.849,27034,8.7667,-70.8,44,0,2
"78",78,0,0.799,27035,8.7667,-70.5333,51,0,2
"79",79,0,0.512,27036,8.7667,-70.2667,42,0,1
"80",80,0.765,0,27105,8.5,-74.2667,23,1,0
"81",81,0.765,0,27106,8.5,-74,23,1,0
"82",82,0.755,0,27108,8.5,-73.4667,23,1,0
"83",83,0.767,0,27109,8.5,-73.2,23,1,0
"84",84,0,0.547,27114,8.5,-71.8667,40,0,1
"85",85,0,0.824,27115,8.5,-71.6,47,0,2
"86",86,0,0.782,27116,8.5,-71.3333,51,0,2
"87",87,0,0.729,27117,8.5,-71.0667,54,0,2
"88",88,0,0.798,27118,8.5,-70.8,51,0,2
"89",89,0,0.616,27119,8.5,-70.5333,34,0,1
"90",90,0.776,0,27188,8.2333,-74.5333,22,1,0
"91",91,0.782,0,27189,8.2333,-74.2667,23,1,0
"92",92,0.717,0,27190,8.2333,-74,25,1,0
"93",93,0.765,0,27193,8.2333,-73.2,23,1,0
"94",94,0.542,0,27194,8.2333,-72.9333,42,1,0
"95",95,0,0.766,27198,8.2333,-71.8667,52,0,2
"96",96,0,0.791,27199,8.2333,-71.6,52,0,2
"97",97,0,0.769,27200,8.2333,-71.3333,52,0,2
"98",98,0,0.768,27201,8.2333,-71.0667,55,0,2
"99",99,0,0.512,27202,8.2333,-70.8,40,0,1
"100",100,0.721,0,27268,7.9667,-74.5333,26,1,0
"101",101,0.737,0,27269,7.9667,-74.2667,26,1,0
"102",102,0.706,0,27270,7.9667,-74,27,1,0
"103",103,0.724,0,27272,7.9667,-73.4667,27,1,0
"104",104,0.937,0,27273,7.9667,-73.2,30,2,0
"105",105,0.675,0.981,27274,7.9667,-72.9333,63,2,4
"106",106,0,0.931,27276,7.9667,-72.4,53,0,3
"107",107,0.294,0.986,27277,7.9667,-72.1333,62,1,4
"108",108,0,0.734,27278,7.9667,-71.8667,56,0,2
"109",109,0,0.747,27279,7.9667,-71.6,55,0,2
"110",110,0,0.815,27280,7.9667,-71.3333,51,0,2
"111",111,0,0.428,27281,7.9667,-71.0667,45,0,1
"112",112,0.796,0,27352,7.7,-73.4667,20,1,0
"113",113,0.745,0,27353,7.7,-73.2,26,1,0
"114",114,0.649,0.976,27354,7.7,-72.9333,66,2,4
"115",115,0.377,0.925,27355,7.7,-72.6667,55,1,3
"116",116,0.336,0.944,27356,7.7,-72.4,58,1,3
"117",117,0.365,0.94,27357,7.7,-72.1333,55,1,3
"118",118,0,0.871,27358,7.7,-71.8667,42,0,2
"119",119,0,0.557,27359,7.7,-71.6,37,0,1
"120",120,0.755,0,27422,7.4333,-75.8667,25,1,0
"121",121,0.799,0,27431,7.4333,-73.4667,20,1,0
"122",122,0.737,0,27432,7.4333,-73.2,25,1,0
"123",123,0.777,0.995,27433,7.4333,-72.9333,55,2,4
"124",124,0.349,0.989,27434,7.4333,-72.6667,58,1,4
"125",125,0.32,0.991,27435,7.4333,-72.4,58,1,4
"126",126,0.299,0.918,27436,7.4333,-72.1333,60,1,3
"127",127,0.739,0,27499,7.1667,-75.8667,25,1,0
"128",128,0.755,0,27508,7.1667,-73.4667,24,1,0
"129",129,0.753,0,27509,7.1667,-73.2,24,1,0
"130",130,0.763,0.937,27510,7.1667,-72.9333,56,2,3
"131",131,0.428,0.996,27511,7.1667,-72.6667,49,1,4
"132",132,0.301,0.985,27512,7.1667,-72.4,62,1,4
"133",133,0.29,0.907,27513,7.1667,-72.1333,61,1,3
"134",134,0,0.607,27569,6.9,-76.6667,34,0,1
"135",135,0,0.524,27570,6.9,-76.4,39,0,1
"136",136,0,0.498,27571,6.9,-76.1333,41,0,1
"137",137,0.476,0,27573,6.9,-75.6,45,1,0
"138",138,0.694,0.643,27581,6.9,-73.4667,29,1,1
"139",139,0.673,0.661,27582,6.9,-73.2,29,1,1
"140",140,0.682,0.903,27583,6.9,-72.9333,63,2,3
"141",141,0.918,0.984,27584,6.9,-72.6667,37,2,3
"142",142,0.675,0.986,27585,6.9,-72.4,65,2,4
"143",143,0.701,0.916,27586,6.9,-72.1333,62,2,3
"144",144,0,0.605,27643,6.6333,-76.6667,32,0,1
"145",145,0,0.557,27644,6.6333,-76.4,38,0,1
"146",146,0.577,0.537,27645,6.6333,-76.1333,39,1,1
"147",147,0.792,0,27654,6.6333,-73.7333,20,1,0
"148",148,0.713,0.705,27655,6.6333,-73.4667,26,1,1
"149",149,0.724,0.709,27656,6.6333,-73.2,25,1,1
"150",150,0.789,0.744,27657,6.6333,-72.9333,55,2,2
"151",151,0.854,0.975,27658,6.6333,-72.6667,47,2,3
"152",152,0.934,0.984,27659,6.6333,-72.4,33,2,3
"153",153,0.871,0.976,27660,6.6333,-72.1333,44,2,3
"154",154,0.704,0,27661,6.6333,-71.8667,26,1,0
"155",155,0,0.569,27718,6.3667,-76.6667,36,0,1
"156",156,0.532,0.511,27719,6.3667,-76.4,40,1,1
"157",157,0.568,0.54,27720,6.3667,-76.1333,38,1,1
"158",158,0.717,0.7,27728,6.3667,-74,27,1,1
"159",159,0.743,0.723,27729,6.3667,-73.7333,25,1,1
"160",160,0.736,0.691,27730,6.3667,-73.4667,26,1,1
"161",161,0.75,0.696,27731,6.3667,-73.2,25,1,1
"162",162,0.825,0.954,27732,6.3667,-72.9333,51,2,3
"163",163,0.849,0.974,27733,6.3667,-72.6667,47,2,3
"164",164,0.928,0.992,27734,6.3667,-72.4,35,2,3
"165",165,0.837,0.965,27735,6.3667,-72.1333,48,2,3
"166",166,0.721,0,27736,6.3667,-71.8667,26,1,0
"167",167,0.481,0.833,27796,6.1,-76.4,46,1,2
"168",168,0.583,0.902,27797,6.1,-76.1333,36,1,2
"169",169,0,0.68,27804,6.1,-74.2667,29,0,1
"170",170,0.343,0.316,27805,6.1,-74,57,1,1
"171",171,0.409,0.377,27806,6.1,-73.7333,51,1,1
"172",172,0.462,0.406,27807,6.1,-73.4667,48,1,1
"173",173,0.387,0.785,27808,6.1,-73.2,53,1,2
"174",174,0.864,0.973,27809,6.1,-72.9333,44,2,3
"175",175,0.855,0.972,27810,6.1,-72.6667,45,2,3
"176",176,0.832,0.953,27811,6.1,-72.4,49,2,3
"177",177,0.734,0.739,27812,6.1,-72.1333,56,2,2
"178",178,0.613,0.893,27875,5.8333,-76.4,36,1,2
"179",179,0.639,0.917,27876,5.8333,-76.1333,35,1,2
"180",180,0,0.422,27880,5.8333,-75.0667,49,0,1
"181",181,0,0.712,27883,5.8333,-74.2667,26,0,1
"182",182,0.369,0.35,27884,5.8333,-74,54,1,1
"183",183,0.469,0.803,27885,5.8333,-73.7333,48,1,2
"184",184,0.458,0.825,27886,5.8333,-73.4667,47,1,2
"185",185,0.496,0.846,27887,5.8333,-73.2,44,1,2
"186",186,0.878,0.975,27888,5.8333,-72.9333,42,2,3
"187",187,0.615,0.924,27889,5.8333,-72.6667,36,1,2
"188",188,0.492,0.858,27890,5.8333,-72.4,45,1,2
"189",189,0,0.556,27891,5.8333,-72.1333,38,0,1
"190",190,0,0.934,27965,5.5667,-76.4,31,0,2
"191",191,0.604,0.896,27966,5.5667,-76.1333,36,1,2
"192",192,0,0.454,27970,5.5667,-75.0667,49,0,1
"193",193,0,0.659,27972,5.5667,-74.5333,28,0,1
"194",194,0,0.664,27973,5.5667,-74.2667,28,0,1
"195",195,0.353,0.718,27974,5.5667,-74,58,1,2
"196",196,0.59,0.879,27975,5.5667,-73.7333,39,1,2
"197",197,0.54,0.858,27976,5.5667,-73.4667,41,1,2
"198",198,0.6,0.907,27977,5.5667,-73.2,36,1,2
"199",199,0.888,0.981,27978,5.5667,-72.9333,41,2,3
"200",200,0.478,0.834,27979,5.5667,-72.6667,45,1,2
"201",201,0.551,0.529,27980,5.5667,-72.4,40,1,1
"202",202,0,0.933,28058,5.3,-76.4,31,0,2
"203",203,0.615,0.907,28059,5.3,-76.1333,36,1,2
"204",204,0,0.354,28063,5.3,-75.0667,54,0,1
"205",205,0,0.693,28065,5.3,-74.5333,27,0,1
"206",206,0,0.655,28066,5.3,-74.2667,30,0,1
"207",207,0.322,0.718,28067,5.3,-74,58,1,2
"208",208,0,0.933,28068,5.3,-73.7333,31,0,2
"209",209,0.47,0.847,28069,5.3,-73.4667,46,1,2
"210",210,0.401,0.793,28070,5.3,-73.2,52,1,2
"211",211,0.697,0.893,28071,5.3,-72.9333,63,2,3
"212",212,0.513,0.859,28072,5.3,-72.6667,45,1,2
"213",213,0.582,0.866,28152,5.0333,-76.4,40,1,2
"214",214,0.596,0.888,28153,5.0333,-76.1333,39,1,2
"215",215,0,0.507,28154,5.0333,-75.8667,41,0,1
"216",216,0,0.454,28155,5.0333,-75.6,44,0,1
"217",217,0,0.49,28156,5.0333,-75.3333,42,0,1
"218",218,0,0.24,28157,5.0333,-75.0667,65,0,1
"219",219,0,0.413,28159,5.0333,-74.5333,50,0,1
"220",220,0,0.346,28160,5.0333,-74.2667,55,0,1
"221",221,0.479,0.837,28161,5.0333,-74,46,1,2
"222",222,0.506,0.853,28162,5.0333,-73.7333,43,1,2
"223",223,0.252,0.632,28163,5.0333,-73.4667,65,1,2
"224",224,0.213,0.208,28164,5.0333,-73.2,70,1,1
"225",225,0.623,0.603,28165,5.0333,-72.9333,68,2,2
"226",226,0,0.91,28245,4.7667,-76.6667,35,0,2
"227",227,0,0.911,28246,4.7667,-76.4,36,0,2
"228",228,0,0.888,28247,4.7667,-76.1333,36,0,2
"229",229,0,0.583,28248,4.7667,-75.8667,37,0,1
"230",230,0,0.409,28249,4.7667,-75.6,50,0,1
"231",231,0,0.723,28250,4.7667,-75.3333,25,0,1
"232",232,0,0.286,28251,4.7667,-75.0667,60,0,1
"233",233,0,0.589,28252,4.7667,-74.8,34,0,1
"234",234,0,0.409,28253,4.7667,-74.5333,49,0,1
"235",235,0,0.424,28254,4.7667,-74.2667,49,0,1
"236",236,0,0.859,28255,4.7667,-74,42,0,2
"237",237,0,0.747,28256,4.7667,-73.7333,55,0,2
"238",238,0,0.68,28257,4.7667,-73.4667,65,0,2
"239",239,0,0.302,28258,4.7667,-73.2,60,0,1
"240",240,0,0.658,28341,4.5,-76.6667,27,0,1
"241",241,0,0.903,28342,4.5,-76.4,36,0,2
"242",242,0,0.904,28343,4.5,-76.1333,36,0,2
"243",243,0,0.565,28344,4.5,-75.8667,35,0,1
"244",244,0,0.39,28345,4.5,-75.6,51,0,1
"245",245,0,0.361,28346,4.5,-75.3333,51,0,1
"246",246,0,0.27,28347,4.5,-75.0667,59,0,1
"247",247,0,0.474,28349,4.5,-74.5333,43,0,1
"248",248,0,0.402,28350,4.5,-74.2667,50,0,1
"249",249,0,0.689,28351,4.5,-74,61,0,2
"250",250,0,0.689,28352,4.5,-73.7333,61,0,2
"251",251,0,0.643,28353,4.5,-73.4667,66,0,2
"252",252,0,0.893,28438,4.2333,-76.6667,36,0,2
"253",253,0,0.909,28439,4.2333,-76.4,36,0,2
"254",254,0,0.896,28440,4.2333,-76.1333,35,0,2
"255",255,0,0.393,28441,4.2333,-75.8667,49,0,1
"256",256,0,0.427,28442,4.2333,-75.6,46,0,1
"257",257,0,0.404,28443,4.2333,-75.3333,50,0,1
"258",258,0,0.467,28444,4.2333,-75.0667,45,0,1
"259",259,0,0.427,28446,4.2333,-74.5333,46,0,1
"260",260,0,0.421,28447,4.2333,-74.2667,48,0,1
"261",261,0,0.644,28448,4.2333,-74,63,0,2
"262",262,0,0.626,28449,4.2333,-73.7333,66,0,2
"263",263,0,0.845,28537,3.9667,-76.6667,45,0,2
"264",264,0,0.838,28538,3.9667,-76.4,47,0,2
"265",265,0,0.796,28539,3.9667,-76.1333,50,0,2
"266",266,0,0.411,28540,3.9667,-75.8667,49,0,1
"267",267,0,0.354,28541,3.9667,-75.6,53,0,1
"268",268,0,0.368,28542,3.9667,-75.3333,53,0,1
"269",269,0,0.277,28545,3.9667,-74.5333,60,0,1
"270",270,0,0.573,28547,3.9667,-74,69,0,2
"271",271,0,0.605,28635,3.7,-76.9333,34,0,1
"272",272,0,0.857,28636,3.7,-76.6667,45,0,2
"273",273,0,0.846,28637,3.7,-76.4,45,0,2
"274",274,0,0.82,28638,3.7,-76.1333,48,0,2
"275",275,0,0.84,28735,3.4333,-76.9333,45,0,2
"276",276,0,0.854,28736,3.4333,-76.6667,45,0,2
"277",277,0,0.887,28737,3.4333,-76.4,41,0,2
"278",278,0,0.834,28738,3.4333,-76.1333,48,0,2
"279",279,0,0.837,28835,3.1667,-76.9333,46,0,2
"280",280,0,0.848,28836,3.1667,-76.6667,44,0,2
"281",281,0,0.844,28837,3.1667,-76.4,45,0,2
"282",282,0,0.805,28838,3.1667,-76.1333,49,0,2
"283",283,0,0.671,28935,2.9,-77.2,28,0,1
"284",284,0,0.884,28936,2.9,-76.9333,66,0,3
"285",285,0,0.929,28937,2.9,-76.6667,59,0,3
"286",286,0,0.896,28938,2.9,-76.4,66,0,3
"287",287,0,0.954,28939,2.9,-76.1333,50,0,3
"288",288,0,0.203,28943,2.9,-75.0667,71,0,1
"289",289,0,0.438,28944,2.9,-74.8,46,0,1
"290",290,0,0.438,28945,2.9,-74.5333,47,0,1
"291",291,0,0.388,28947,2.9,-74,51,0,1
"292",292,0,0.68,29038,2.6333,-77.4667,28,0,1
"293",293,0,0.9,29039,2.6333,-77.2,38,0,2
"294",294,0,0.89,29040,2.6333,-76.9333,66,0,3
"295",295,0,0.803,29041,2.6333,-76.6667,51,0,2
"296",296,0,0.959,29042,2.6333,-76.4,53,0,3
"297",297,0,0.93,29043,2.6333,-76.1333,60,0,3
"298",298,0,0.26,29047,2.6333,-75.0667,65,0,1
"299",299,0,0.494,29048,2.6333,-74.8,42,0,1
"300",300,0,0.5,29049,2.6333,-74.5333,42,0,1
"301",301,0,0.453,29051,2.6333,-74,46,0,1
"302",302,0,0.901,29143,2.3667,-77.4667,37,0,2
"303",303,0,0.881,29144,2.3667,-77.2,38,0,2
"304",304,0,0.893,29145,2.3667,-76.9333,66,0,3
"305",305,0,0.908,29146,2.3667,-76.6667,61,0,3
"306",306,0,0.959,29147,2.3667,-76.4,53,0,3
"307",307,0,0.923,29148,2.3667,-76.1333,58,0,3
"308",308,0,0.713,29248,2.1,-77.4667,60,0,2
"309",309,0,0.709,29249,2.1,-77.2,57,0,2
"310",310,0,0.948,29250,2.1,-76.9333,96,0,5
"311",311,0,0.868,29251,2.1,-76.6667,66,0,3
"312",312,0,0.774,29252,2.1,-76.4,51,0,2
"313",313,0,0.98,29253,2.1,-76.1333,88,0,5
"314",314,0,0.245,29254,2.1,-75.8667,65,0,1
"315",315,0,0.226,29255,2.1,-75.6,69,0,1
"316",316,0,0.227,29256,2.1,-75.3333,69,0,1
"317",317,0,0.79,29356,1.8333,-77.7333,49,0,2
"318",318,0,0.708,29357,1.8333,-77.4667,59,0,2
"319",319,0,0.792,29358,1.8333,-77.2,51,0,2
"320",320,0,0.848,29359,1.8333,-76.9333,94,0,4
"321",321,0,0.73,29362,1.8333,-76.1333,59,0,2
"322",322,0,0.436,29363,1.8333,-75.8667,47,0,1
"323",323,0,0.411,29364,1.8333,-75.6,48,0,1
"324",324,0,0.438,29365,1.8333,-75.3333,47,0,1
"325",325,0,0.714,29464,1.5667,-78.2667,24,0,1
"326",326,0,0.974,29465,1.5667,-78,44,0,3
"327",327,0,0.754,29466,1.5667,-77.7333,53,0,2
"328",328,0,0.796,29467,1.5667,-77.4667,53,0,2
"329",329,0,0.726,29468,1.5667,-77.2,57,0,2
"330",330,0,0.68,29469,1.5667,-76.9333,63,0,2
"331",331,0,0.54,29470,1.5667,-76.6667,74,0,2
"332",332,0,0.575,29471,1.5667,-76.4,70,0,2
"333",333,0,0.744,29472,1.5667,-76.1333,57,0,2
"334",334,0,0.388,29473,1.5667,-75.8667,49,0,1
"335",335,0,0.697,29574,1.3,-78.2667,26,0,1
"336",336,0,0.941,29575,1.3,-78,56,0,3
"337",337,0,0.721,29576,1.3,-77.7333,60,0,2
"338",338,0.323,0.689,29577,1.3,-77.4667,60,1,2
"339",339,0.347,0.724,29578,1.3,-77.2,56,1,2
"340",340,0,0.693,29579,1.3,-76.9333,62,0,2
"341",341,0,0.655,29581,1.3,-76.4,63,0,2
"342",342,0,0.676,29582,1.3,-76.1333,63,0,2
"343",343,0,0.971,29686,1.0333,-78.5333,48,0,3
"344",344,0,0.961,29687,1.0333,-78.2667,53,0,3
"345",345,0.199,0.848,29688,1.0333,-78,72,1,3
"346",346,0.435,0.782,29689,1.0333,-77.7333,49,1,2
"347",347,0.27,0.64,29690,1.0333,-77.4667,65,1,2
"348",348,0.51,0,29691,1.0333,-77.2,42,1,0
"349",349,0,0.72,29692,1.0333,-76.9333,85,0,3
"350",350,0.733,0,29798,0.7667,-79.0667,26,1,0
"351",351,0,0.922,29799,0.7667,-78.8,34,0,2
"352",352,0,0.955,29800,0.7667,-78.5333,52,0,3
"353",353,0,0.918,29801,0.7667,-78.2667,62,0,3
"354",354,0.382,0.949,29802,0.7667,-78,55,1,3
"355",355,0.668,0,29803,0.7667,-77.7333,30,1,0
"356",356,0.385,0.352,29804,0.7667,-77.4667,53,1,1
"357",357,0,0.804,29805,0.7667,-77.2,75,0,3
"358",358,0,0.839,29806,0.7667,-76.9333,72,0,3
"359",359,0.637,0,29911,0.5,-79.0667,36,1,0
"360",360,0,0.952,29912,0.5,-78.8,52,0,3
"361",361,0,0.897,29913,0.5,-78.5333,64,0,3
"362",362,0.288,0.897,29914,0.5,-78.2667,63,1,3
"363",363,0.166,0.84,29915,0.5,-78,73,1,3
"364",364,0.404,0.379,29916,0.5,-77.7333,53,1,1
"365",365,0.16,0.815,29917,0.5,-77.4667,76,1,3
"366",366,0,0.832,29918,0.5,-77.2,75,0,3
"367",367,0.413,0.962,30026,0.2333,-79.0667,51,1,3
"368",368,0,0.958,30027,0.2333,-78.8,52,0,3
"369",369,0,0.906,30028,0.2333,-78.5333,63,0,3
"370",370,0.396,0.953,30029,0.2333,-78.2667,51,1,3
"371",371,0.351,0.936,30030,0.2333,-78,55,1,3
"372",372,0.156,0.83,30031,0.2333,-77.7333,76,1,3
"373",373,0,0.909,30032,0.2333,-77.4667,59,0,3
"374",374,0,0.939,30144,-0.0333,-78.8,78,0,4
"375",375,0.303,0.928,30145,-0.0333,-78.5333,61,1,3
"376",376,0.268,0.915,30146,-0.0333,-78.2667,61,1,3
"377",377,0.609,0.574,30147,-0.0333,-78,34,1,1
"378",378,0,0.73,30148,-0.0333,-77.7333,84,0,3
"379",379,0,0.881,30149,-0.0333,-77.4667,68,0,3
"380",380,0,0.953,30266,-0.3,-78.8,75,0,4
"381",381,0.386,0.956,30267,-0.3,-78.5333,54,1,3
"382",382,0.425,0.783,30268,-0.3,-78.2667,51,1,2
"383",383,0.4,0.334,30269,-0.3,-78,53,1,1
"384",384,0,0.683,30270,-0.3,-77.7333,61,0,2
"385",385,0,0.713,30271,-0.3,-77.4667,60,0,2
"386",386,0,0.646,30391,-0.5667,-79.3333,29,0,1
"387",387,0,0.95,30392,-0.5667,-79.0667,78,0,4
"388",388,0.212,0.869,30393,-0.5667,-78.8,71,1,3
"389",389,0.646,0.585,30394,-0.5667,-78.5333,33,1,1
"390",390,0.695,0.654,30395,-0.5667,-78.2667,28,1,1
"391",391,0.319,0.689,30396,-0.5667,-78,61,1,2
"392",392,0,0.677,30397,-0.5667,-77.7333,64,0,2
"393",393,0,0.718,30398,-0.5667,-77.4667,61,0,2
"394",394,0.209,0.585,30525,-0.8333,-79.0667,71,1,2
"395",395,0.655,0.57,30526,-0.8333,-78.8,34,1,1
"396",396,0.658,0.593,30527,-0.8333,-78.5333,33,1,1
"397",397,0.331,0.93,30528,-0.8333,-78.2667,58,1,3
"398",398,0,0.946,30529,-0.8333,-78,101,0,5
"399",399,0,0.761,30530,-0.8333,-77.7333,56,0,2
"400",400,0,0.732,30531,-0.8333,-77.4667,57,0,2
"401",401,0,0.584,30656,-1.1,-79.3333,33,0,1
"402",402,0.244,0.192,30657,-1.1,-79.0667,68,1,1
"403",403,0.612,0.612,30658,-1.1,-78.8,34,1,1
"404",404,0.481,0.406,30659,-1.1,-78.5333,47,1,1
"405",405,0.295,0.893,30660,-1.1,-78.2667,63,1,3
"406",406,0,0.971,30661,-1.1,-78,93,0,5
"407",407,0.295,0.297,30789,-1.3667,-79.0667,60,1,1
"408",408,0.672,0,30790,-1.3667,-78.8,31,1,0
"409",409,0.408,0,30791,-1.3667,-78.5333,51,1,0
"410",410,0.491,0,30792,-1.3667,-78.2667,47,1,0
"411",411,0,0.386,30793,-1.3667,-78,85,0,2
"412",412,0,0.641,30923,-1.6333,-79.3333,30,0,1
"413",413,0.311,0.275,30924,-1.6333,-79.0667,60,1,1
"414",414,0.672,0,30925,-1.6333,-78.8,31,1,0
"415",415,0.408,0,30926,-1.6333,-78.5333,51,1,0
"416",416,0.452,0,30927,-1.6333,-78.2667,47,1,0
"417",417,0,0.412,30928,-1.6333,-78,82,0,2
"418",418,0,0.459,30929,-1.6333,-77.7333,45,0,1
"419",419,0.27,0.313,31060,-1.9,-79.0667,94,2,2
"420",420,0.979,0,31061,-1.9,-78.8,48,3,0
"421",421,0.996,0,31062,-1.9,-78.5333,34,3,0
"422",422,0.723,0,31063,-1.9,-78.2667,59,2,0
"423",423,0,0.478,31064,-1.9,-78,77,0,2
"424",424,0.337,0.331,31197,-2.1667,-79.0667,90,2,2
"425",425,0.963,0,31198,-2.1667,-78.8,52,3,0
"426",426,0.998,0,31199,-2.1667,-78.5333,28,3,0
"427",427,0.745,0,31200,-2.1667,-78.2667,60,2,0
"428",428,0.276,0.232,31201,-2.1667,-78,66,1,1
"429",429,0,0.505,31334,-2.4333,-79.3333,40,0,1
"430",430,0.844,0.16,31335,-2.4333,-79.0667,74,3,1
"431",431,0.978,0,31336,-2.4333,-78.8,43,3,0
"432",432,0.966,0,31337,-2.4333,-78.5333,50,3,0
"433",433,0.495,0.152,31338,-2.4333,-78.2667,76,2,1
"434",434,0,0.3,31339,-2.4333,-78,59,0,1
"435",435,0.808,0.377,31476,-2.7,-79.3333,52,2,1
"436",436,0.985,0.459,31477,-2.7,-79.0667,43,3,1
"437",437,0.976,0,31478,-2.7,-78.8,47,3,0
"438",438,0.845,0.176,31479,-2.7,-78.5333,73,3,1
"439",439,0.657,0.219,31480,-2.7,-78.2667,66,2,1
"440",440,0.678,0.233,31622,-2.9667,-79.6,64,2,1
"441",441,0.995,0.325,31623,-2.9667,-79.3333,55,4,1
"442",442,0.995,0.369,31624,-2.9667,-79.0667,53,4,1
"443",443,0.842,0,31625,-2.9667,-78.8,48,2,0
"444",444,0.773,0.444,31626,-2.9667,-78.5333,81,3,2
"445",445,0,0.721,31627,-2.9667,-78.2667,57,0,2
"446",446,0.978,0,31775,-3.2333,-79.6,64,4,0
"447",447,0.992,0,31776,-3.2333,-79.3333,62,4,0
"448",448,0.802,0,31777,-3.2333,-79.0667,52,2,0
"449",449,0.507,0,31778,-3.2333,-78.8,43,1,0
"450",450,0.268,0.643,31779,-3.2333,-78.5333,66,1,2
"451",451,0.912,0,31932,-3.5,-79.6,63,3,0
"452",452,0.987,0,31933,-3.5,-79.3333,62,4,0
"453",453,0.422,0.425,31934,-3.5,-79.0667,82,2,2
"454",454,0.236,0.63,31935,-3.5,-78.8,66,1,2
"455",455,0,0.739,31936,-3.5,-78.5333,56,0,2
"456",456,0,0.458,31937,-3.5,-78.2667,47,0,1
"457",457,0.733,0,32091,-3.7667,-79.6,58,2,0
"458",458,0.956,0,32092,-3.7667,-79.3333,54,3,0
"459",459,0.327,0.371,32093,-3.7667,-79.0667,87,2,2
"460",460,0,0.734,32094,-3.7667,-78.8,57,0,2
"461",461,0,0.73,32095,-3.7667,-78.5333,57,0,2
"462",462,0,0.405,32096,-3.7667,-78.2667,48,0,1
"463",463,0,0.39,32097,-3.7667,-78,52,0,1
"464",464,0.652,0,32252,-4.0333,-79.8667,65,2,0
"465",465,0.394,0,32253,-4.0333,-79.6,55,1,0
"466",466,0.857,0,32254,-4.0333,-79.3333,67,3,0
"467",467,0.609,0.62,32255,-4.0333,-79.0667,93,3,3
"468",468,0.27,0.877,32256,-4.0333,-78.8,64,1,3
"469",469,0,0.924,32257,-4.0333,-78.5333,61,0,3
"470",470,0,0.919,32258,-4.0333,-78.2667,60,0,3
"471",471,0,0.351,32259,-4.0333,-78,54,0,1
"472",472,0.444,0,32415,-4.3,-79.8667,46,1,0
"473",473,0.479,0,32416,-4.3,-79.6,48,1,0
"474",474,0.795,0,32417,-4.3,-79.3333,53,2,0
"475",475,0.536,0.822,32418,-4.3,-79.0667,75,2,3
"476",476,0.271,0.894,32419,-4.3,-78.8,63,1,3
"477",477,0,0.932,32420,-4.3,-78.5333,58,0,3
"478",478,0,0.945,32421,-4.3,-78.2667,58,0,3
"479",479,0,0.397,32422,-4.3,-78,51,0,1
"480",480,0.789,0,32579,-4.5667,-79.8667,54,2,0
"481",481,0.804,0,32580,-4.5667,-79.6,53,2,0
"482",482,0.79,0,32581,-4.5667,-79.3333,54,2,0
"483",483,0.629,0.204,32582,-4.5667,-79.0667,67,2,1
"484",484,0.644,0.883,32583,-4.5667,-78.8,66,2,3
"485",485,0,0.935,32584,-4.5667,-78.5333,58,0,3
"486",486,0,0.371,32585,-4.5667,-78.2667,49,0,1
"487",487,0.779,0,32744,-4.8333,-79.8667,54,2,0
"488",488,0.79,0,32745,-4.8333,-79.6,54,2,0
"489",489,0.77,0,32746,-4.8333,-79.3333,53,2,0
"490",490,0,0.85,32747,-4.8333,-79.0667,71,0,3
"491",491,0.265,0.889,32748,-4.8333,-78.8,63,1,3
"492",492,0,0.91,32749,-4.8333,-78.5333,58,0,3
"493",493,0.752,0,32911,-5.1,-79.8667,59,2,0
"494",494,0.805,0,32912,-5.1,-79.6,52,2,0
"495",495,0.761,0,32913,-5.1,-79.3333,57,2,0
"496",496,0.418,0.447,32914,-5.1,-79.0667,81,2,2
"497",497,0.627,0.866,32915,-5.1,-78.8,68,2,3
"498",498,0,0.67,32916,-5.1,-78.5333,62,0,2
"499",499,0,0.379,32917,-5.1,-78.2667,53,0,1
"500",500,0,0.585,32918,-5.1,-78,69,0,2
"501",501,0.868,0,33085,-5.3667,-79.6,46,2,0
"502",502,0.878,0,33086,-5.3667,-79.3333,44,2,0
"503",503,0.685,0.271,33087,-5.3667,-79.0667,62,2,1
"504",504,0.768,0.347,33088,-5.3667,-78.8,54,2,1
"505",505,0.426,0.373,33089,-5.3667,-78.5333,51,1,1
"506",506,0.75,0.323,33090,-5.3667,-78.2667,57,2,1
"507",507,0,0.667,33091,-5.3667,-78,62,0,2
"508",508,0,0.755,33092,-5.3667,-77.7333,52,0,2
"509",509,0,0.788,33093,-5.3667,-77.4667,52,0,2
"510",510,0.865,0,33257,-5.6333,-79.6,45,2,0
"511",511,0.891,0,33258,-5.6333,-79.3333,44,2,0
"512",512,0.907,0.288,33259,-5.6333,-79.0667,61,3,1
"513",513,0.757,0.307,33260,-5.6333,-78.8,57,2,1
"514",514,0,0.505,33261,-5.6333,-78.5333,41,0,1
"515",515,0.768,0.32,33262,-5.6333,-78.2667,57,2,1
"516",516,0.569,0.586,33263,-5.6333,-78,71,2,2
"517",517,0,0.794,33264,-5.6333,-77.7333,52,0,2
"518",518,0,0.798,33265,-5.6333,-77.4667,52,0,2
"519",519,0,0.783,33266,-5.6333,-77.2,52,0,2
"520",520,0,0.751,33267,-5.6333,-76.9333,54,0,2
"521",521,0.865,0,33430,-5.9,-79.6,46,2,0
"522",522,0.863,0,33431,-5.9,-79.3333,46,2,0
"523",523,0.916,0.263,33432,-5.9,-79.0667,64,3,1
"524",524,0.712,0.292,33433,-5.9,-78.8,59,2,1
"525",525,0.719,0.307,33434,-5.9,-78.5333,59,2,1
"526",526,0.7,0.281,33435,-5.9,-78.2667,60,2,1
"527",527,0,0.592,33436,-5.9,-78,69,0,2
"528",528,0,0.925,33437,-5.9,-77.7333,62,0,3
"529",529,0.181,0.851,33438,-5.9,-77.4667,73,1,3
"530",530,0,0.36,33440,-5.9,-76.9333,52,0,1
"531",531,0.616,0,33606,-6.1667,-79.0667,33,1,0
"532",532,0.937,0,33607,-6.1667,-78.8,35,2,0
"533",533,0.927,0,33609,-6.1667,-78.2667,35,2,0
"534",534,0.639,0.611,33610,-6.1667,-78,67,2,2
"535",535,0,0.762,33611,-6.1667,-77.7333,54,0,2
"536",536,0.349,0.32,33612,-6.1667,-77.4667,56,1,1
"537",537,0,0.692,33613,-6.1667,-77.2,60,0,2
"538",538,0,0.685,33614,-6.1667,-76.9333,64,0,2
"539",539,0.632,0,33778,-6.4333,-79.0667,33,1,0
"540",540,0.922,0,33779,-6.4333,-78.8,35,2,0
"541",541,0.917,0,33780,-6.4333,-78.5333,36,2,0
"542",542,0.927,0,33781,-6.4333,-78.2667,36,2,0
"543",543,0.805,0.386,33782,-6.4333,-78,54,2,1
"544",544,0.351,0.73,33783,-6.4333,-77.7333,59,1,2
"545",545,0,0.675,33784,-6.4333,-77.4667,60,0,2
"546",546,0,0.723,33785,-6.4333,-77.2,60,0,2
"547",547,0,0.617,33786,-6.4333,-76.9333,64,0,2
"548",548,0.907,0,33948,-6.7,-79.0667,39,2,0
"549",549,0.913,0,33949,-6.7,-78.8,36,2,0
"550",550,0.926,0,33950,-6.7,-78.5333,35,2,0
"551",551,0.91,0,33951,-6.7,-78.2667,36,2,0
"552",552,0.692,0.235,33952,-6.7,-78,64,2,1
"553",553,0.251,0.648,33953,-6.7,-77.7333,64,1,2
"554",554,0,0.294,33954,-6.7,-77.4667,59,0,1
"555",555,0,0.386,33955,-6.7,-77.2,50,0,1
"556",556,0.912,0,34117,-6.9667,-79.0667,39,2,0
"557",557,0.904,0,34118,-6.9667,-78.8,37,2,0
"558",558,0.957,0,34119,-6.9667,-78.5333,28,2,0
"559",559,0.9,0,34120,-6.9667,-78.2667,38,2,0
"560",560,0.474,0.468,34121,-6.9667,-78,79,2,2
"561",561,0.353,0.353,34122,-6.9667,-77.7333,56,1,1
"562",562,0.215,0.199,34123,-6.9667,-77.4667,69,1,1
"563",563,0.365,0,34290,-7.2333,-78,57,1,0
"564",564,0.4,0,34291,-7.2333,-77.7333,52,1,0
"565",565,0.408,0,34292,-7.2333,-77.4667,51,1,0
"566",566,0,0.677,34298,-7.2333,-75.8667,29,0,1
"567",567,0.35,0,34459,-7.5,-78,56,1,0
"568",568,0.427,0,34460,-7.5,-77.7333,52,1,0
"569",569,0.395,0,34461,-7.5,-77.4667,51,1,0
"570",570,0.45,0,34462,-7.5,-77.2,47,1,0
"571",571,0,0.633,34467,-7.5,-75.8667,29,0,1
"572",572,0.453,0,34627,-7.7667,-78,48,1,0
"573",573,0.403,0,34628,-7.7667,-77.7333,52,1,0
"574",574,0.486,0,34629,-7.7667,-77.4667,43,1,0
"575",575,0.372,0,34630,-7.7667,-77.2,51,1,0
"576",576,0.23,0.618,34631,-7.7667,-76.9333,68,1,2
"577",577,0,0.636,34635,-7.7667,-75.8667,29,0,1
"578",578,0.615,0,34795,-8.0333,-78,34,1,0
"579",579,0.4,0,34796,-8.0333,-77.7333,53,1,0
"580",580,0.474,0,34797,-8.0333,-77.4667,47,1,0
"581",581,0.478,0,34798,-8.0333,-77.2,46,1,0
"582",582,0.191,0.529,34799,-8.0333,-76.9333,73,1,2
"583",583,0,0.515,34803,-8.0333,-75.8667,38,0,1
"584",584,0.702,0,34962,-8.3,-78,27,1,0
"585",585,0.734,0,34963,-8.3,-77.7333,26,1,0
"586",586,0.765,0,34964,-8.3,-77.4667,24,1,0
"587",587,0.748,0,34965,-8.3,-77.2,26,1,0
"588",588,0.365,0,34966,-8.3,-76.9333,57,1,0
"589",589,0.671,0,35128,-8.5667,-78,31,1,0
"590",590,0.771,0,35129,-8.5667,-77.7333,23,1,0
"591",591,0.733,0,35130,-8.5667,-77.4667,26,1,0
"592",592,0.736,0,35131,-8.5667,-77.2,26,1,0
"593",593,0.445,0,35132,-8.5667,-76.9333,49,1,0
"594",594,0.447,0,35133,-8.5667,-76.6667,48,1,0
"595",595,0.679,0,35293,-8.8333,-78,31,1,0
"596",596,0.712,0,35294,-8.8333,-77.7333,26,1,0
"597",597,0.745,0,35295,-8.8333,-77.4667,26,1,0
"598",598,0.727,0,35296,-8.8333,-77.2,26,1,0
"599",599,0.545,0,35297,-8.8333,-76.9333,40,1,0
"600",600,0.556,0,35298,-8.8333,-76.6667,39,1,0
"601",601,0.41,0,35299,-8.8333,-76.4,49,1,0
"602",602,0.737,0,35457,-9.1,-78,26,1,0
"603",603,0.692,0,35458,-9.1,-77.7333,30,1,0
"604",604,0.729,0,35459,-9.1,-77.4667,26,1,0
"605",605,0.751,0,35460,-9.1,-77.2,25,1,0
"606",606,0.96,0,35461,-9.1,-76.9333,50,3,0
"607",607,0.976,0,35462,-9.1,-76.6667,41,3,0
"608",608,0.923,0,35463,-9.1,-76.4,58,3,0
"609",609,0.985,0,35624,-9.3667,-76.9333,44,3,0
"610",610,0.987,0,35625,-9.3667,-76.6667,39,3,0
"611",611,0.986,0,35626,-9.3667,-76.4,41,3,0
"612",612,0.864,0.46,35627,-9.3667,-76.1333,46,2,1
"613",613,0,0.888,35632,-9.3667,-74.8,39,0,2
"614",614,0,0.891,35633,-9.3667,-74.5333,39,0,2
"615",615,0.991,0,35786,-9.6333,-76.9333,30,3,0
"616",616,0.993,0,35787,-9.6333,-76.6667,31,3,0
"617",617,0.989,0,35788,-9.6333,-76.4,40,3,0
"618",618,0.973,0.403,35789,-9.6333,-76.1333,48,3,1
"619",619,0.428,0,35790,-9.6333,-75.8667,51,1,0
"620",620,0.408,0,35791,-9.6333,-75.6,52,1,0
"621",621,0,0.577,35795,-9.6333,-74.5333,36,0,1
"622",622,0.854,0,35947,-9.9,-76.9333,14,1,0
"623",623,0.992,0,35948,-9.9,-76.6667,31,3,0
"624",624,0.986,0,35949,-9.9,-76.4,43,3,0
"625",625,0.99,0,35950,-9.9,-76.1333,44,3,0
"626",626,0.88,0,35951,-9.9,-75.8667,42,2,0
"627",627,0.292,0,35952,-9.9,-75.6,62,1,0
"628",628,0.852,0,36107,-10.1667,-76.9333,14,1,0
"629",629,0.887,0,36108,-10.1667,-76.6667,13,1,0
"630",630,0.984,0,36109,-10.1667,-76.4,21,2,0
"631",631,0.981,0,36110,-10.1667,-76.1333,21,2,0
"632",632,0.89,0,36111,-10.1667,-75.8667,41,2,0
"633",633,0,0.409,36112,-10.1667,-75.6,49,0,1
"634",634,0.981,0,36265,-10.4333,-76.9333,18,2,0
"635",635,0.989,0,36266,-10.4333,-76.6667,15,2,0
"636",636,0.98,0,36267,-10.4333,-76.4,21,2,0
"637",637,0.976,0,36268,-10.4333,-76.1333,21,2,0
"638",638,0.92,0,36269,-10.4333,-75.8667,38,2,0
"639",639,0.891,0,36270,-10.4333,-75.6,41,2,0
"640",640,0.735,0.281,36271,-10.4333,-75.3333,59,2,1
"641",641,0.97,0,36422,-10.7,-76.9333,22,2,0
"642",642,0.994,0,36423,-10.7,-76.6667,15,2,0
"643",643,0.975,0,36424,-10.7,-76.4,21,2,0
"644",644,0.991,0,36425,-10.7,-76.1333,15,2,0
"645",645,0.959,0,36426,-10.7,-75.8667,29,2,0
"646",646,0.797,0,36427,-10.7,-75.6,50,2,0
"647",647,0.733,0.287,36428,-10.7,-75.3333,59,2,1
"648",648,0,0.487,36431,-10.7,-74.5333,42,0,1
"649",649,0,0.482,36432,-10.7,-74.2667,42,0,1
"650",650,0.976,0,36577,-10.9667,-76.9333,23,2,0
"651",651,0.977,0,36578,-10.9667,-76.6667,21,2,0
"652",652,0.979,0,36579,-10.9667,-76.4,19,2,0
"653",653,0.984,0,36580,-10.9667,-76.1333,18,2,0
"654",654,0.946,0,36581,-10.9667,-75.8667,29,2,0
"655",655,0.726,0.275,36582,-10.9667,-75.6,59,2,1
"656",656,0,0.508,36583,-10.9667,-75.3333,41,0,1
"657",657,0,0.342,36584,-10.9667,-75.0667,54,0,1
"658",658,0,0.479,36587,-10.9667,-74.2667,44,0,1
"659",659,0.822,0,36731,-11.2333,-76.9333,18,1,0
"660",660,0.845,0,36732,-11.2333,-76.6667,17,1,0
"661",661,0.916,0,36733,-11.2333,-76.4,10,1,0
"662",662,0.913,0,36734,-11.2333,-76.1333,10,1,0
"663",663,0.955,0,36735,-11.2333,-75.8667,28,2,0
"664",664,0.875,0.45,36736,-11.2333,-75.6,43,2,1
"665",665,0,0.547,36737,-11.2333,-75.3333,37,0,1
"666",666,0.758,0.322,36738,-11.2333,-75.0667,58,2,1
"667",667,0.433,0,36739,-11.2333,-74.8,45,1,0
"668",668,0.822,0,36883,-11.5,-76.9333,17,1,0
"669",669,0.804,0,36884,-11.5,-76.6667,18,1,0
"670",670,0.878,0,36885,-11.5,-76.4,12,1,0
"671",671,0.873,0,36886,-11.5,-76.1333,12,1,0
"672",672,0.974,0,36887,-11.5,-75.8667,27,2,0
"673",673,0.957,0,36888,-11.5,-75.6,28,2,0
"674",674,0.887,0.468,36889,-11.5,-75.3333,43,2,1
"675",675,0.921,0,36890,-11.5,-75.0667,36,2,0
"676",676,0.528,0,36891,-11.5,-74.8,41,1,0
"677",677,0.474,0.44,36892,-11.5,-74.5333,46,1,1
"678",678,0.846,0,37033,-11.7667,-76.9333,15,1,0
"679",679,0.818,0,37034,-11.7667,-76.6667,18,1,0
"680",680,0.828,0,37035,-11.7667,-76.4,18,1,0
"681",681,0.876,0,37036,-11.7667,-76.1333,11,1,0
"682",682,0.978,0,37037,-11.7667,-75.8667,19,2,0
"683",683,0.83,0,37038,-11.7667,-75.6,17,1,0
"684",684,0.817,0,37039,-11.7667,-75.3333,17,1,0
"685",685,0.854,0,37040,-11.7667,-75.0667,15,1,0
"686",686,0.795,0,37041,-11.7667,-74.8,20,1,0
"687",687,0.513,0,37042,-11.7667,-74.5333,45,1,0
"688",688,0.473,0.464,37043,-11.7667,-74.2667,46,1,1
"689",689,0.811,0,37185,-12.0333,-76.4,19,1,0
"690",690,0.839,0,37186,-12.0333,-76.1333,15,1,0
"691",691,0.847,0,37187,-12.0333,-75.8667,16,1,0
"692",692,0.966,0,37188,-12.0333,-75.6,23,2,0
"693",693,0.778,0,37189,-12.0333,-75.3333,21,1,0
"694",694,0.956,0.637,37190,-12.0333,-75.0667,30,2,1
"695",695,0.607,0.555,37191,-12.0333,-74.8,37,1,1
"696",696,0.362,0.765,37192,-12.0333,-74.5333,54,1,2
"697",697,0.358,0.753,37193,-12.0333,-74.2667,54,1,2
"698",698,0.412,0,37195,-12.0333,-73.7333,52,1,0
"699",699,0.379,0.354,37196,-12.0333,-73.4667,54,1,1
"700",700,0,0.51,37199,-12.0333,-72.6667,41,0,1
"701",701,0,0.405,37200,-12.0333,-72.4,53,0,1
"702",702,0.666,0.676,37338,-12.3,-75.0667,29,1,1
"703",703,0.644,0.603,37339,-12.3,-74.8,34,1,1
"704",704,0.594,0.612,37340,-12.3,-74.5333,34,1,1
"705",705,0.574,0.875,37341,-12.3,-74.2667,38,1,2
"706",706,0,0.518,37342,-12.3,-74,42,0,1
"707",707,0.445,0.398,37343,-12.3,-73.7333,50,1,1
"708",708,0.665,0,37344,-12.3,-73.4667,33,1,0
"709",709,0.391,0.392,37345,-12.3,-73.2,50,1,1
"710",710,0,0.451,37347,-12.3,-72.6667,44,0,1
"711",711,0.434,0.45,37350,-12.3,-71.8667,48,1,1
"712",712,0.43,0.428,37351,-12.3,-71.6,49,1,1
"713",713,0.763,0.721,37485,-12.5667,-75.0667,23,1,1
"714",714,0.69,0.694,37486,-12.5667,-74.8,27,1,1
"715",715,0.626,0.602,37487,-12.5667,-74.5333,34,1,1
"716",716,0.632,0.621,37488,-12.5667,-74.2667,34,1,1
"717",717,0.362,0.356,37489,-12.5667,-74,55,1,1
"718",718,0.423,0.393,37491,-12.5667,-73.4667,50,1,1
"719",719,0,0.51,37492,-12.5667,-73.2,41,0,1
"720",720,0,0.443,37494,-12.5667,-72.6667,47,0,1
"721",721,0,0.401,37495,-12.5667,-72.4,51,0,1
"722",722,0.833,0,37497,-12.5667,-71.8667,16,1,0
"723",723,0.439,0.435,37498,-12.5667,-71.6,48,1,1
"724",724,0.786,0.728,37632,-12.8333,-74.8,22,1,1
"725",725,0.706,0.703,37633,-12.8333,-74.5333,27,1,1
"726",726,0.657,0.596,37634,-12.8333,-74.2667,33,1,1
"727",727,0.608,0.581,37635,-12.8333,-74,36,1,1
"728",728,0.419,0.375,37636,-12.8333,-73.7333,50,1,1
"729",729,0.425,0,37637,-12.8333,-73.4667,49,1,0
"730",730,0.431,0.372,37638,-12.8333,-73.2,50,1,1
"731",731,0.401,0.346,37639,-12.8333,-72.9333,54,1,1
"732",732,0,0.395,37640,-12.8333,-72.6667,51,0,1
"733",733,0,0.389,37641,-12.8333,-72.4,50,0,1
"734",734,0.552,0.546,37643,-12.8333,-71.8667,39,1,1
"735",735,0.446,0.44,37644,-12.8333,-71.6,48,1,1
"736",736,0.677,0.661,37777,-13.1,-74.5333,28,1,1
"737",737,0.625,0.608,37778,-13.1,-74.2667,34,1,1
"738",738,0.631,0.564,37779,-13.1,-74,34,1,1
"739",739,0,0.341,37780,-13.1,-73.7333,54,0,1
"740",740,0.39,0.342,37781,-13.1,-73.4667,55,1,1
"741",741,0.647,0.614,37782,-13.1,-73.2,35,1,1
"742",742,0.917,0.532,37783,-13.1,-72.9333,39,2,1
"743",743,0.286,0.686,37784,-13.1,-72.6667,61,1,2
"744",744,0.579,0.56,37785,-13.1,-72.4,37,1,1
"745",745,0.709,0.671,37786,-13.1,-72.1333,26,1,1
"746",746,0.53,0.491,37787,-13.1,-71.8667,43,1,1
"747",747,0.413,0.795,37788,-13.1,-71.6,51,1,2
"748",748,0.26,0.612,37789,-13.1,-71.3333,65,1,2
"749",749,0.277,0.629,37790,-13.1,-71.0667,65,1,2
"750",750,0,0.858,37920,-13.3667,-74.5333,13,0,1
"751",751,0,0.82,37921,-13.3667,-74.2667,17,0,1
"752",752,0,0.694,37922,-13.3667,-74,26,0,1
"753",753,0,0.7,37923,-13.3667,-73.7333,27,0,1
"754",754,0,0.708,37924,-13.3667,-73.4667,27,0,1
"755",755,0,0.945,37925,-13.3667,-73.2,30,0,2
"756",756,0.589,0.554,37926,-13.3667,-72.9333,37,1,1
"757",757,0.614,0.546,37927,-13.3667,-72.6667,36,1,1
"758",758,0.626,0.578,37928,-13.3667,-72.4,34,1,1
"759",759,0.718,0.718,37929,-13.3667,-72.1333,26,1,1
"760",760,0.726,0.724,37930,-13.3667,-71.8667,24,1,1
"761",761,0.744,0.693,37931,-13.3667,-71.6,25,1,1
"762",762,0.624,0.545,37932,-13.3667,-71.3333,37,1,1
"763",763,0.574,0.5,37933,-13.3667,-71.0667,40,1,1
"764",764,0,0.35,37934,-13.3667,-70.8,53,0,1
"765",765,0,0.382,37935,-13.3667,-70.5333,53,0,1
"766",766,0,0.427,37937,-13.3667,-70,49,0,1
"767",767,0,0.823,38061,-13.6333,-74.5333,17,0,1
"768",768,0,0.805,38062,-13.6333,-74.2667,17,0,1
"769",769,0,0.722,38063,-13.6333,-74,25,0,1
"770",770,0,0.683,38064,-13.6333,-73.7333,26,0,1
"771",771,0,0.707,38065,-13.6333,-73.4667,26,0,1
"772",772,0,0.708,38066,-13.6333,-73.2,26,0,1
"773",773,0.603,0.566,38067,-13.6333,-72.9333,37,1,1
"774",774,0.59,0.582,38068,-13.6333,-72.6667,36,1,1
"775",775,0.612,0.558,38069,-13.6333,-72.4,36,1,1
"776",776,0.642,0.572,38070,-13.6333,-72.1333,34,1,1
"777",777,0.753,0.717,38071,-13.6333,-71.8667,24,1,1
"778",778,0.742,0.705,38072,-13.6333,-71.6,24,1,1
"779",779,0.818,0.782,38073,-13.6333,-71.3333,18,1,1
"780",780,0.76,0.698,38074,-13.6333,-71.0667,24,1,1
"781",781,0,0.4,38077,-13.6333,-70.2667,51,0,1
"782",782,0,0.424,38078,-13.6333,-70,49,0,1
"783",783,0,0.441,38079,-13.6333,-69.7333,44,0,1
"784",784,0,0.716,38200,-13.9,-75.0667,21,0,1
"785",785,0,0.804,38201,-13.9,-74.8,17,0,1
"786",786,0,0.842,38202,-13.9,-74.5333,13,0,1
"787",787,0,0.804,38203,-13.9,-74.2667,18,0,1
"788",788,0,0.658,38204,-13.9,-74,26,0,1
"789",789,0,0.678,38205,-13.9,-73.7333,28,0,1
"790",790,0,0.738,38206,-13.9,-73.4667,23,0,1
"791",791,0,0.652,38207,-13.9,-73.2,29,0,1
"792",792,0.568,0.561,38208,-13.9,-72.9333,38,1,1
"793",793,0.697,0.635,38209,-13.9,-72.6667,30,1,1
"794",794,0.618,0.573,38210,-13.9,-72.4,35,1,1
"795",795,0.627,0.592,38211,-13.9,-72.1333,35,1,1
"796",796,0.678,0.641,38212,-13.9,-71.8667,29,1,1
"797",797,0.767,0.729,38213,-13.9,-71.6,23,1,1
"798",798,0.856,0.811,38214,-13.9,-71.3333,16,1,1
"799",799,0,0.386,38223,-13.9,-68.9333,51,0,1
"800",800,0,0.86,38344,-14.1667,-74,14,0,1
"801",801,0,0.824,38345,-14.1667,-73.7333,14,0,1
"802",802,0,0.86,38346,-14.1667,-73.4667,14,0,1
"803",803,0,0.857,38347,-14.1667,-73.2,14,0,1
"804",804,0,0.834,38348,-14.1667,-72.9333,14,0,1
"805",805,0,0.908,38349,-14.1667,-72.6667,8,0,1
"806",806,0,0.928,38350,-14.1667,-72.4,7,0,1
"807",807,0,0.917,38351,-14.1667,-72.1333,8,0,1
"808",808,0,0.92,38352,-14.1667,-71.8667,8,0,1
"809",809,0,0.908,38353,-14.1667,-71.6,8,0,1
"810",810,0,0.913,38354,-14.1667,-71.3333,7,0,1
"811",811,0,0.42,38363,-14.1667,-68.9333,48,0,1
"812",812,0,0.468,38364,-14.1667,-68.6667,46,0,1
"813",813,0,0.839,38484,-14.4333,-74,14,0,1
"814",814,0,0.884,38485,-14.4333,-73.7333,11,0,1
"815",815,0,0.878,38486,-14.4333,-73.4667,11,0,1
"816",816,0,0.878,38487,-14.4333,-73.2,13,0,1
"817",817,0,0.867,38488,-14.4333,-72.9333,10,0,1
"818",818,0,0.92,38490,-14.4333,-72.4,6,0,1
"819",819,0,0.902,38491,-14.4333,-72.1333,8,0,1
"820",820,0,0.922,38492,-14.4333,-71.8667,7,0,1
"821",821,0,0.917,38493,-14.4333,-71.6,7,0,1
"822",822,0,0.923,38494,-14.4333,-71.3333,7,0,1
"823",823,0,0.927,38495,-14.4333,-71.0667,8,0,1
"824",824,0,0.452,38504,-14.4333,-68.6667,47,0,1
"825",825,0,0.432,38505,-14.4333,-68.4,46,0,1
"826",826,0,0.482,38506,-14.4333,-68.1333,43,0,1
"827",827,0,0.857,38625,-14.7,-73.4667,12,0,1
"828",828,0,0.88,38626,-14.7,-73.2,9,0,1
"829",829,0,0.909,38635,-14.7,-70.8,8,0,1
"830",830,0,0.913,38636,-14.7,-70.5333,8,0,1
"831",831,0,0.902,38637,-14.7,-70.2667,8,0,1
"832",832,0.628,0,38642,-14.7,-68.9333,36,1,0
"833",833,0,0.441,38645,-14.7,-68.1333,46,0,1
"834",834,0,0.854,38761,-14.9667,-74,14,0,1
"835",835,0,0.833,38762,-14.9667,-73.7333,15,0,1
"836",836,0,0.821,38763,-14.9667,-73.4667,15,0,1
"837",837,0,0.876,38764,-14.9667,-73.2,12,0,1
"838",838,0,0.897,38773,-14.9667,-70.8,9,0,1
"839",839,0,0.909,38774,-14.9667,-70.5333,9,0,1
"840",840,0,0.887,38775,-14.9667,-70.2667,9,0,1
"841",841,0,0.852,38776,-14.9667,-70,13,0,1
"842",842,0.77,0,38780,-14.9667,-68.9333,23,1,0
"843",843,0.649,0,38781,-14.9667,-68.6667,33,1,0
"844",844,0,0.447,38782,-14.9667,-68.4,46,0,1
"845",845,0.729,0,38917,-15.2333,-68.9333,24,1,0
"846",846,0.732,0,38918,-15.2333,-68.6667,28,1,0
"847",847,0,0.586,38919,-15.2333,-68.4,36,0,1
"848",848,0,0.573,38921,-15.2333,-67.8667,36,0,1
"849",849,0.777,0,39053,-15.5,-68.9333,25,1,0
"850",850,0.693,0,39054,-15.5,-68.6667,30,1,0
"851",851,0.649,0,39055,-15.5,-68.4,33,1,0
"852",852,0,0.607,39056,-15.5,-68.1333,32,0,1
"853",853,0,0.51,39058,-15.5,-67.6,40,0,1
"854",854,0.698,0,39188,-15.7667,-68.6667,26,1,0
"855",855,0.697,0,39189,-15.7667,-68.4,30,1,0
"856",856,0.56,0.532,39190,-15.7667,-68.1333,39,1,1
"857",857,0,0.533,39191,-15.7667,-67.8667,39,0,1
"858",858,0,0.504,39192,-15.7667,-67.6,40,0,1
"859",859,0,0.513,39193,-15.7667,-67.3333,40,0,1
"860",860,0.763,0,39322,-16.0333,-68.4,22,1,0
"861",861,0.668,0,39323,-16.0333,-68.1333,32,1,0
"862",862,0.445,0.4,39324,-16.0333,-67.8667,49,1,1
"863",863,0,0.476,39325,-16.0333,-67.6,46,0,1
"864",864,0,0.456,39326,-16.0333,-67.3333,45,0,1
"865",865,0,0.372,39327,-16.0333,-67.0667,53,0,1
"866",866,0.559,0.509,39456,-16.3,-67.8667,38,1,1
"867",867,0,0.573,39457,-16.3,-67.6,36,0,1
"868",868,0,0.455,39459,-16.3,-67.0667,45,0,1
"869",869,0.456,0.47,39460,-16.3,-66.8,47,1,1
"870",870,0,0.535,39461,-16.3,-66.5333,40,0,1
"871",871,0.793,0,39585,-16.5667,-67.8667,22,1,0
"872",872,0.601,0,39586,-16.5667,-67.6,36,1,0
"873",873,0.573,0.531,39587,-16.5667,-67.3333,40,1,1
"874",874,0.448,0,39588,-16.5667,-67.0667,50,1,0
"875",875,0.453,0.422,39589,-16.5667,-66.8,48,1,1
"876",876,0.645,0,39590,-16.5667,-66.5333,34,1,0
"877",877,0,0.45,39591,-16.5667,-66.2667,46,0,1
"878",878,0,0.467,39592,-16.5667,-66,45,0,1
"879",879,0.681,0,39711,-16.8333,-67.8667,31,1,0
"880",880,0.644,0,39712,-16.8333,-67.6,33,1,0
"881",881,0.699,0,39713,-16.8333,-67.3333,30,1,0
"882",882,0.598,0,39714,-16.8333,-67.0667,38,1,0
"883",883,0.606,0,39715,-16.8333,-66.8,35,1,0
"884",884,0.767,0,39716,-16.8333,-66.5333,23,1,0
"885",885,0.556,0,39717,-16.8333,-66.2667,40,1,0
"886",886,0.434,0,39718,-16.8333,-66,50,1,0
"887",887,0,0.599,39719,-16.8333,-65.7333,34,0,1
"888",888,0.747,0,39836,-17.1,-67.8667,26,1,0
"889",889,0.729,0,39837,-17.1,-67.6,26,1,0
"890",890,0.802,0,39838,-17.1,-67.3333,21,1,0
"891",891,0.651,0,39839,-17.1,-67.0667,33,1,0
"892",892,0.611,0,39840,-17.1,-66.8,36,1,0
"893",893,0.84,0,39841,-17.1,-66.5333,16,1,0
"894",894,0.796,0,39842,-17.1,-66.2667,22,1,0
"895",895,0.47,0,39843,-17.1,-66,46,1,0
"896",896,0.401,0,39844,-17.1,-65.7333,52,1,0
"897",897,0.891,0,39962,-17.3667,-67.0667,11,1,0
"898",898,0.869,0,39963,-17.3667,-66.8,13,1,0
"899",899,0.879,0,39964,-17.3667,-66.5333,12,1,0
"900",900,0.874,0,39965,-17.3667,-66.2667,13,1,0
"901",901,0.759,0,39966,-17.3667,-66,25,1,0
"902",902,0.713,0,39967,-17.3667,-65.7333,27,1,0
"903",903,0.582,0,39968,-17.3667,-65.4667,38,1,0
"904",904,0.584,0,39969,-17.3667,-65.2,38,1,0
"905",905,0.891,0,40084,-17.6333,-66.8,10,1,0
"906",906,0.877,0,40085,-17.6333,-66.5333,12,1,0
"907",907,0.87,0,40086,-17.6333,-66.2667,13,1,0
"908",908,0.704,0,40087,-17.6333,-66,27,1,0
"909",909,0.725,0,40088,-17.6333,-65.7333,25,1,0
"910",910,0.736,0,40089,-17.6333,-65.4667,27,1,0
"911",911,0.64,0,40090,-17.6333,-65.2,31,1,0
"912",912,0.472,0.448,40091,-17.6333,-64.9333,44,1,1
"913",913,0.45,0.414,40092,-17.6333,-64.6667,49,1,1
"914",914,0,0.495,40093,-17.6333,-64.4,43,0,1
"915",915,0.857,0,40206,-17.9,-66.5333,13,1,0
"916",916,0.872,0,40207,-17.9,-66.2667,14,1,0
"917",917,0.686,0,40208,-17.9,-66,30,1,0
"918",918,0.681,0,40209,-17.9,-65.7333,30,1,0
"919",919,0.655,0,40210,-17.9,-65.4667,30,1,0
"920",920,0.649,0,40212,-17.9,-64.9333,35,1,0
"921",921,0.585,0,40213,-17.9,-64.6667,38,1,0
"922",922,0,0.49,40215,-17.9,-64.1333,42,0,1
"923",923,0,0.615,40216,-17.9,-63.8667,34,0,1
"924",924,0,0.614,40217,-17.9,-63.6,32,0,1
"925",925,0.922,0,40327,-18.1667,-66,9,1,0
"926",926,0.903,0,40328,-18.1667,-65.7333,10,1,0
"927",927,0,0.815,40335,-18.1667,-63.8667,15,0,1
"928",928,0,0.794,40336,-18.1667,-63.6,18,0,1
"929",929,0.916,0,40444,-18.4333,-66,9,1,0
"930",930,0.892,0,40445,-18.4333,-65.7333,10,1,0
"931",931,0.907,0,40446,-18.4333,-65.4667,9,1,0
"932",932,0.921,0,40447,-18.4333,-65.2,9,1,0
"933",933,0,0.834,40452,-18.4333,-63.8667,14,0,1
"934",934,0,0.802,40453,-18.4333,-63.6,17,0,1
"935",935,0.929,0,40560,-18.7,-66,8,1,0
"936",936,0.926,0,40561,-18.7,-65.7333,9,1,0
"937",937,0.911,0,40562,-18.7,-65.4667,9,1,0
"938",938,0,0.774,40568,-18.7,-63.8667,18,0,1
"939",939,0,0.785,40569,-18.7,-63.6,18,0,1
"940",940,0.924,0,40676,-18.9667,-65.7333,8,1,0
"941",941,0.922,0,40677,-18.9667,-65.4667,8,1,0
"942",942,0.916,0,40678,-18.9667,-65.2,9,1,0
"943",943,0,0.778,40683,-18.9667,-63.8667,19,0,1
"944",944,0,0.88,40798,-19.2333,-63.8667,11,0,1
"945",945,0,0.88,40914,-19.5,-63.8667,11,0,1
"946",946,0,0.884,41029,-19.7667,-63.8667,10,0,1
"947",947,0,0.874,41030,-19.7667,-63.6,11,0,1
"948",948,0,0.865,41143,-20.0333,-63.8667,11,0,1
