ID;lat;lon;r_end;r_young;r_old;r_st_young;r_st_old
26456;11.1667;-74;6;2;0;0.959;0
26457;11.1667;-73.7333;4;1;0;0.745;0
26458;11.1667;-73.4667;5;1;0;0.736;0
26459;11.1667;-73.2;4;1;0;0.745;0
26460;11.1667;-72.9333;2;1;0;0.763;0
26462;11.1667;-72.4;2;1;0;0.819;0
26495;10.9;-74;11;3;0;0.983;0
26496;10.9;-73.7333;10;2;0;0.9;0
26497;10.9;-73.4667;10;2;0;0.9;0
26498;10.9;-73.2;9;2;0;0.892;0
26499;10.9;-72.9333;3;1;0;0.52;0
26539;10.6333;-74;10;3;0;0.987;0
26540;10.6333;-73.7333;10;2;0;0.926;0
26541;10.6333;-73.4667;10;2;0;0.937;0
26542;10.6333;-73.2;5;1;0;0.698;0
26567;10.6333;-66.2667;2;0;1;0;0.648
26575;10.6333;-62.8;1;0;1;0;0.658
26576;10.6333;-62.5333;2;0;1;0;0.641
26577;10.6333;-62.2667;1;0;1;0;0.664
26599;10.3667;-74;6;2;0;0.941;0
26600;10.3667;-73.7333;5;1;0;0.682;0
26601;10.3667;-73.4667;8;2;0;0.937;0
26603;10.3667;-72.9333;9;2;0;0.843;0
26617;10.3667;-69.2;2;0;1;0;0.748
26618;10.3667;-68.9333;2;0;1;0;0.597
26619;10.3667;-68.6667;2;0;1;0;0.571
26620;10.3667;-68.4;2;0;1;0;0.595
26621;10.3667;-68.1333;2;0;1;0;0.581
26622;10.3667;-67.8667;2;0;1;0;0.616
26623;10.3667;-67.6;2;0;1;0;0.6
26624;10.3667;-67.3333;2;0;1;0;0.6
26625;10.3667;-67.0667;2;0;1;0;0.605
26626;10.3667;-66.8;2;0;1;0;0.575
26627;10.3667;-66.5333;2;0;1;0;0.574
26658;10.1;-74;3;2;0;0.974;0
26659;10.1;-73.7333;3;1;0;0.736;0
26662;10.1;-72.9333;9;2;0;0.844;0
26675;10.1;-69.2;2;0;1;0;0.566
26676;10.1;-68.9333;2;0;1;0;0.508
26677;10.1;-68.6667;2;0;1;0;0.586
26678;10.1;-68.4;2;0;1;0;0.575
26679;10.1;-68.1333;2;0;1;0;0.561
26680;10.1;-67.8667;2;0;1;0;0.655
26681;10.1;-67.6;2;0;1;0;0.599
26682;10.1;-67.3333;2;0;1;0;0.614
26683;10.1;-67.0667;2;0;1;0;0.585
26684;10.1;-66.8;2;0;1;0;0.59
26685;10.1;-66.5333;2;0;1;0;0.604
26686;10.1;-66.2667;2;0;1;0;0.582
26687;10.1;-66;2;0;1;0;0.62
26728;9.8333;-72.9333;3;1;0;0.578;0
26735;9.8333;-70.2667;3;0;2;0;0.899
26736;9.8333;-70;3;0;2;0;0.837
26737;9.8333;-69.7333;3;0;2;0;0.92
26738;9.8333;-69.4667;3;0;2;0;0.89
26792;9.5667;-73.2;2;1;0;0.665;0
26800;9.5667;-70.5333;3;0;2;0;0.894
26801;9.5667;-70.2667;3;0;2;0;0.905
26802;9.5667;-70;4;0;2;0;0.807
26803;9.5667;-69.7333;3;0;2;0;0.914
26804;9.5667;-69.4667;3;0;2;0;0.881
26865;9.3;-73.2;2;1;0;0.696;0
26873;9.3;-70.8;3;0;2;0;0.887
26874;9.3;-70.5333;3;0;2;0;0.888
26875;9.3;-70.2667;3;0;2;0;0.87
26876;9.3;-70;3;0;2;0;0.817
26877;9.3;-69.7333;3;0;2;0;0.903
26942;9.0333;-73.4667;2;1;0;0.667;0
26951;9.0333;-71.0667;6;0;2;0;0.753
26952;9.0333;-70.8;6;0;2;0;0.841
26953;9.0333;-70.5333;6;0;2;0;0.745
26954;9.0333;-70.2667;6;0;2;0;0.789
26955;9.0333;-70;2;0;1;0;0.508
27024;8.7667;-73.4667;2;1;0;0.758;0
27032;8.7667;-71.3333;6;0;2;0;0.781
27033;8.7667;-71.0667;6;0;2;0;0.838
27034;8.7667;-70.8;7;0;2;0;0.849
27035;8.7667;-70.5333;7;0;2;0;0.799
27036;8.7667;-70.2667;4;0;1;0;0.512
27105;8.5;-74.2667;1;1;0;0.765;0
27106;8.5;-74;1;1;0;0.765;0
27108;8.5;-73.4667;2;1;0;0.755;0
27109;8.5;-73.2;2;1;0;0.767;0
27114;8.5;-71.8667;2;0;1;0;0.547
27115;8.5;-71.6;4;0;2;0;0.824
27116;8.5;-71.3333;5;0;2;0;0.782
27117;8.5;-71.0667;7;0;2;0;0.729
27118;8.5;-70.8;7;0;2;0;0.798
27119;8.5;-70.5333;3;0;1;0;0.616
27188;8.2333;-74.5333;1;1;0;0.776;0
27189;8.2333;-74.2667;1;1;0;0.782;0
27190;8.2333;-74;1;1;0;0.717;0
27193;8.2333;-73.2;2;1;0;0.765;0
27194;8.2333;-72.9333;2;1;0;0.542;0
27198;8.2333;-71.8667;6;0;2;0;0.766
27199;8.2333;-71.6;6;0;2;0;0.791
27200;8.2333;-71.3333;6;0;2;0;0.769
27201;8.2333;-71.0667;7;0;2;0;0.768
27202;8.2333;-70.8;4;0;1;0;0.512
27268;7.9667;-74.5333;1;1;0;0.721;0
27269;7.9667;-74.2667;1;1;0;0.737;0
27270;7.9667;-74;1;1;0;0.706;0
27272;7.9667;-73.4667;2;1;0;0.724;0
27273;7.9667;-73.2;5;2;0;0.937;0
27274;7.9667;-72.9333;10;2;4;0.675;0.981
27276;7.9667;-72.4;5;0;3;0;0.931
27277;7.9667;-72.1333;9;1;4;0.294;0.986
27278;7.9667;-71.8667;7;0;2;0;0.734
27279;7.9667;-71.6;5;0;2;0;0.747
27280;7.9667;-71.3333;5;0;2;0;0.815
27281;7.9667;-71.0667;3;0;1;0;0.428
27352;7.7;-73.4667;1;1;0;0.796;0
27353;7.7;-73.2;2;1;0;0.745;0
27354;7.7;-72.9333;10;2;4;0.649;0.976
27355;7.7;-72.6667;7;1;3;0.377;0.925
27356;7.7;-72.4;7;1;3;0.336;0.944
27357;7.7;-72.1333;7;1;3;0.365;0.94
27358;7.7;-71.8667;4;0;2;0;0.871
27359;7.7;-71.6;1;0;1;0;0.557
27422;7.4333;-75.8667;1;1;0;0.755;0
27431;7.4333;-73.4667;1;1;0;0.799;0
27432;7.4333;-73.2;2;1;0;0.737;0
27433;7.4333;-72.9333;10;2;4;0.777;0.995
27434;7.4333;-72.6667;9;1;4;0.349;0.989
27435;7.4333;-72.4;9;1;4;0.32;0.991
27436;7.4333;-72.1333;7;1;3;0.299;0.918
27499;7.1667;-75.8667;1;1;0;0.739;0
27508;7.1667;-73.4667;1;1;0;0.755;0
27509;7.1667;-73.2;1;1;0;0.753;0
27510;7.1667;-72.9333;9;2;3;0.763;0.937
27511;7.1667;-72.6667;9;1;4;0.428;0.996
27512;7.1667;-72.4;9;1;4;0.301;0.985
27513;7.1667;-72.1333;7;1;3;0.29;0.907
27569;6.9;-76.6667;1;0;1;0;0.607
27570;6.9;-76.4;1;0;1;0;0.524
27571;6.9;-76.1333;1;0;1;0;0.498
27573;6.9;-75.6;1;1;0;0.476;0
27581;6.9;-73.4667;2;1;1;0.694;0.643
27582;6.9;-73.2;2;1;1;0.673;0.661
27583;6.9;-72.9333;9;2;3;0.682;0.903
27584;6.9;-72.6667;9;2;3;0.918;0.984
27585;6.9;-72.4;10;2;4;0.675;0.986
27586;6.9;-72.1333;8;2;3;0.701;0.916
27643;6.6333;-76.6667;1;0;1;0;0.605
27644;6.6333;-76.4;1;0;1;0;0.557
27645;6.6333;-76.1333;2;1;1;0.577;0.537
27654;6.6333;-73.7333;1;1;0;0.792;0
27655;6.6333;-73.4667;3;1;1;0.713;0.705
27656;6.6333;-73.2;2;1;1;0.724;0.709
27657;6.6333;-72.9333;7;2;2;0.789;0.744
27658;6.6333;-72.6667;9;2;3;0.854;0.975
27659;6.6333;-72.4;9;2;3;0.934;0.984
27660;6.6333;-72.1333;9;2;3;0.871;0.976
27661;6.6333;-71.8667;2;1;0;0.704;0
27718;6.3667;-76.6667;1;0;1;0;0.569
27719;6.3667;-76.4;2;1;1;0.532;0.511
27720;6.3667;-76.1333;2;1;1;0.568;0.54
27728;6.3667;-74;2;1;1;0.717;0.7
27729;6.3667;-73.7333;2;1;1;0.743;0.723
27730;6.3667;-73.4667;3;1;1;0.736;0.691
27731;6.3667;-73.2;2;1;1;0.75;0.696
27732;6.3667;-72.9333;9;2;3;0.825;0.954
27733;6.3667;-72.6667;9;2;3;0.849;0.974
27734;6.3667;-72.4;9;2;3;0.928;0.992
27735;6.3667;-72.1333;9;2;3;0.837;0.965
27736;6.3667;-71.8667;2;1;0;0.721;0
27796;6.1;-76.4;3;1;2;0.481;0.833
27797;6.1;-76.1333;3;1;2;0.583;0.902
27804;6.1;-74.2667;1;0;1;0;0.68
27805;6.1;-74;5;1;1;0.343;0.316
27806;6.1;-73.7333;5;1;1;0.409;0.377
27807;6.1;-73.4667;5;1;1;0.462;0.406
27808;6.1;-73.2;7;1;2;0.387;0.785
27809;6.1;-72.9333;9;2;3;0.864;0.973
27810;6.1;-72.6667;9;2;3;0.855;0.972
27811;6.1;-72.4;9;2;3;0.832;0.953
27812;6.1;-72.1333;7;2;2;0.734;0.739
27875;5.8333;-76.4;3;1;2;0.613;0.893
27876;5.8333;-76.1333;3;1;2;0.639;0.917
27880;5.8333;-75.0667;1;0;1;0;0.422
27883;5.8333;-74.2667;1;0;1;0;0.712
27884;5.8333;-74;5;1;1;0.369;0.35
27885;5.8333;-73.7333;6;1;2;0.469;0.803
27886;5.8333;-73.4667;7;1;2;0.458;0.825
27887;5.8333;-73.2;7;1;2;0.496;0.846
27888;5.8333;-72.9333;9;2;3;0.878;0.975
27889;5.8333;-72.6667;6;1;2;0.615;0.924
27890;5.8333;-72.4;6;1;2;0.492;0.858
27891;5.8333;-72.1333;2;0;1;0;0.556
27965;5.5667;-76.4;2;0;2;0;0.934
27966;5.5667;-76.1333;3;1;2;0.604;0.896
27970;5.5667;-75.0667;1;0;1;0;0.454
27972;5.5667;-74.5333;1;0;1;0;0.659
27973;5.5667;-74.2667;1;0;1;0;0.664
27974;5.5667;-74;6;1;2;0.353;0.718
27975;5.5667;-73.7333;6;1;2;0.59;0.879
27976;5.5667;-73.4667;7;1;2;0.54;0.858
27977;5.5667;-73.2;7;1;2;0.6;0.907
27978;5.5667;-72.9333;9;2;3;0.888;0.981
27979;5.5667;-72.6667;6;1;2;0.478;0.834
27980;5.5667;-72.4;4;1;1;0.551;0.529
28058;5.3;-76.4;2;0;2;0;0.933
28059;5.3;-76.1333;3;1;2;0.615;0.907
28063;5.3;-75.0667;1;0;1;0;0.354
28065;5.3;-74.5333;1;0;1;0;0.693
28066;5.3;-74.2667;1;0;1;0;0.655
28067;5.3;-74;6;1;2;0.322;0.718
28068;5.3;-73.7333;4;0;2;0;0.933
28069;5.3;-73.4667;7;1;2;0.47;0.847
28070;5.3;-73.2;7;1;2;0.401;0.793
28071;5.3;-72.9333;9;2;3;0.697;0.893
28072;5.3;-72.6667;5;1;2;0.513;0.859
28152;5.0333;-76.4;3;1;2;0.582;0.866
28153;5.0333;-76.1333;3;1;2;0.596;0.888
28154;5.0333;-75.8667;2;0;1;0;0.507
28155;5.0333;-75.6;2;0;1;0;0.454
28156;5.0333;-75.3333;3;0;1;0;0.49
28157;5.0333;-75.0667;3;0;1;0;0.24
28159;5.0333;-74.5333;3;0;1;0;0.413
28160;5.0333;-74.2667;4;0;1;0;0.346
28161;5.0333;-74;7;1;2;0.479;0.837
28162;5.0333;-73.7333;7;1;2;0.506;0.853
28163;5.0333;-73.4667;7;1;2;0.252;0.632
28164;5.0333;-73.2;5;1;1;0.213;0.208
28165;5.0333;-72.9333;7;2;2;0.623;0.603
28245;4.7667;-76.6667;2;0;2;0;0.91
28246;4.7667;-76.4;2;0;2;0;0.911
28247;4.7667;-76.1333;2;0;2;0;0.888
28248;4.7667;-75.8667;2;0;1;0;0.583
28249;4.7667;-75.6;4;0;1;0;0.409
28250;4.7667;-75.3333;3;0;1;0;0.723
28251;4.7667;-75.0667;3;0;1;0;0.286
28252;4.7667;-74.8;1;0;1;0;0.589
28253;4.7667;-74.5333;3;0;1;0;0.409
28254;4.7667;-74.2667;3;0;1;0;0.424
28255;4.7667;-74;6;0;2;0;0.859
28256;4.7667;-73.7333;6;0;2;0;0.747
28257;4.7667;-73.4667;5;0;2;0;0.68
28258;4.7667;-73.2;3;0;1;0;0.302
28341;4.5;-76.6667;1;0;1;0;0.658
28342;4.5;-76.4;2;0;2;0;0.903
28343;4.5;-76.1333;2;0;2;0;0.904
28344;4.5;-75.8667;2;0;1;0;0.565
28345;4.5;-75.6;4;0;1;0;0.39
28346;4.5;-75.3333;4;0;1;0;0.361
28347;4.5;-75.0667;3;0;1;0;0.27
28349;4.5;-74.5333;3;0;1;0;0.474
28350;4.5;-74.2667;5;0;1;0;0.402
28351;4.5;-74;5;0;2;0;0.689
28352;4.5;-73.7333;6;0;2;0;0.689
28353;4.5;-73.4667;5;0;2;0;0.643
28438;4.2333;-76.6667;2;0;2;0;0.893
28439;4.2333;-76.4;2;0;2;0;0.909
28440;4.2333;-76.1333;2;0;2;0;0.896
28441;4.2333;-75.8667;2;0;1;0;0.393
28442;4.2333;-75.6;4;0;1;0;0.427
28443;4.2333;-75.3333;3;0;1;0;0.404
28444;4.2333;-75.0667;2;0;1;0;0.467
28446;4.2333;-74.5333;3;0;1;0;0.427
28447;4.2333;-74.2667;5;0;1;0;0.421
28448;4.2333;-74;6;0;2;0;0.644
28449;4.2333;-73.7333;5;0;2;0;0.626
28537;3.9667;-76.6667;2;0;2;0;0.845
28538;3.9667;-76.4;2;0;2;0;0.838
28539;3.9667;-76.1333;2;0;2;0;0.796
28540;3.9667;-75.8667;2;0;1;0;0.411
28541;3.9667;-75.6;3;0;1;0;0.354
28542;3.9667;-75.3333;2;0;1;0;0.368
28545;3.9667;-74.5333;4;0;1;0;0.277
28547;3.9667;-74;6;0;2;0;0.573
28635;3.7;-76.9333;1;0;1;0;0.605
28636;3.7;-76.6667;2;0;2;0;0.857
28637;3.7;-76.4;2;0;2;0;0.846
28638;3.7;-76.1333;2;0;2;0;0.82
28735;3.4333;-76.9333;2;0;2;0;0.84
28736;3.4333;-76.6667;2;0;2;0;0.854
28737;3.4333;-76.4;2;0;2;0;0.887
28738;3.4333;-76.1333;2;0;2;0;0.834
28835;3.1667;-76.9333;2;0;2;0;0.837
28836;3.1667;-76.6667;2;0;2;0;0.848
28837;3.1667;-76.4;2;0;2;0;0.844
28838;3.1667;-76.1333;2;0;2;0;0.805
28935;2.9;-77.2;1;0;1;0;0.671
28936;2.9;-76.9333;4;0;3;0;0.884
28937;2.9;-76.6667;4;0;3;0;0.929
28938;2.9;-76.4;4;0;3;0;0.896
28939;2.9;-76.1333;4;0;3;0;0.954
28943;2.9;-75.0667;2;0;1;0;0.203
28944;2.9;-74.8;1;0;1;0;0.438
28945;2.9;-74.5333;1;0;1;0;0.438
28947;2.9;-74;1;0;1;0;0.388
29038;2.6333;-77.4667;1;0;1;0;0.68
29039;2.6333;-77.2;2;0;2;0;0.9
29040;2.6333;-76.9333;4;0;3;0;0.89
29041;2.6333;-76.6667;3;0;2;0;0.803
29042;2.6333;-76.4;4;0;3;0;0.959
29043;2.6333;-76.1333;4;0;3;0;0.93
29047;2.6333;-75.0667;2;0;1;0;0.26
29048;2.6333;-74.8;1;0;1;0;0.494
29049;2.6333;-74.5333;1;0;1;0;0.5
29051;2.6333;-74;1;0;1;0;0.453
29143;2.3667;-77.4667;2;0;2;0;0.901
29144;2.3667;-77.2;2;0;2;0;0.881
29145;2.3667;-76.9333;4;0;3;0;0.893
29146;2.3667;-76.6667;4;0;3;0;0.908
29147;2.3667;-76.4;4;0;3;0;0.959
29148;2.3667;-76.1333;4;0;3;0;0.923
29248;2.1;-77.4667;3;0;2;0;0.713
29249;2.1;-77.2;3;0;2;0;0.709
29250;2.1;-76.9333;6;0;5;0;0.948
29251;2.1;-76.6667;4;0;3;0;0.868
29252;2.1;-76.4;3;0;2;0;0.774
29253;2.1;-76.1333;6;0;5;0;0.98
29254;2.1;-75.8667;2;0;1;0;0.245
29255;2.1;-75.6;2;0;1;0;0.226
29256;2.1;-75.3333;2;0;1;0;0.227
29356;1.8333;-77.7333;3;0;2;0;0.79
29357;1.8333;-77.4667;3;0;2;0;0.708
29358;1.8333;-77.2;3;0;2;0;0.792
29359;1.8333;-76.9333;6;0;4;0;0.848
29362;1.8333;-76.1333;3;0;2;0;0.73
29363;1.8333;-75.8667;2;0;1;0;0.436
29364;1.8333;-75.6;2;0;1;0;0.411
29365;1.8333;-75.3333;2;0;1;0;0.438
29464;1.5667;-78.2667;1;0;1;0;0.714
29465;1.5667;-78;3;0;3;0;0.974
29466;1.5667;-77.7333;3;0;2;0;0.754
29467;1.5667;-77.4667;3;0;2;0;0.796
29468;1.5667;-77.2;3;0;2;0;0.726
29469;1.5667;-76.9333;4;0;2;0;0.68
29470;1.5667;-76.6667;3;0;2;0;0.54
29471;1.5667;-76.4;3;0;2;0;0.575
29472;1.5667;-76.1333;3;0;2;0;0.744
29473;1.5667;-75.8667;2;0;1;0;0.388
29574;1.3;-78.2667;2;0;1;0;0.697
29575;1.3;-78;4;0;3;0;0.941
29576;1.3;-77.7333;3;0;2;0;0.721
29577;1.3;-77.4667;4;1;2;0.323;0.689
29578;1.3;-77.2;4;1;2;0.347;0.724
29579;1.3;-76.9333;4;0;2;0;0.693
29581;1.3;-76.4;3;0;2;0;0.655
29582;1.3;-76.1333;3;0;2;0;0.676
29686;1.0333;-78.5333;4;0;3;0;0.971
29687;1.0333;-78.2667;4;0;3;0;0.961
29688;1.0333;-78;6;1;3;0.199;0.848
29689;1.0333;-77.7333;4;1;2;0.435;0.782
29690;1.0333;-77.4667;4;1;2;0.27;0.64
29691;1.0333;-77.2;1;1;0;0.51;0
29692;1.0333;-76.9333;5;0;3;0;0.72
29798;0.7667;-79.0667;1;1;0;0.733;0
29799;0.7667;-78.8;2;0;2;0;0.922
29800;0.7667;-78.5333;4;0;3;0;0.955
29801;0.7667;-78.2667;5;0;3;0;0.918
29802;0.7667;-78;6;1;3;0.382;0.949
29803;0.7667;-77.7333;1;1;0;0.668;0
29804;0.7667;-77.4667;2;1;1;0.385;0.352
29805;0.7667;-77.2;3;0;3;0;0.804
29806;0.7667;-76.9333;3;0;3;0;0.839
29911;0.5;-79.0667;1;1;0;0.637;0
29912;0.5;-78.8;4;0;3;0;0.952
29913;0.5;-78.5333;5;0;3;0;0.897
29914;0.5;-78.2667;6;1;3;0.288;0.897
29915;0.5;-78;6;1;3;0.166;0.84
29916;0.5;-77.7333;2;1;1;0.404;0.379
29917;0.5;-77.4667;4;1;3;0.16;0.815
29918;0.5;-77.2;3;0;3;0;0.832
30026;0.2333;-79.0667;5;1;3;0.413;0.962
30027;0.2333;-78.8;4;0;3;0;0.958
30028;0.2333;-78.5333;5;0;3;0;0.906
30029;0.2333;-78.2667;6;1;3;0.396;0.953
30030;0.2333;-78;6;1;3;0.351;0.936
30031;0.2333;-77.7333;4;1;3;0.156;0.83
30032;0.2333;-77.4667;3;0;3;0;0.909
30144;-0.0333;-78.8;6;0;4;0;0.939
30145;-0.0333;-78.5333;6;1;3;0.303;0.928
30146;-0.0333;-78.2667;6;1;3;0.268;0.915
30147;-0.0333;-78;3;1;1;0.609;0.574
30148;-0.0333;-77.7333;3;0;3;0;0.73
30149;-0.0333;-77.4667;3;0;3;0;0.881
30266;-0.3;-78.8;6;0;4;0;0.953
30267;-0.3;-78.5333;6;1;3;0.386;0.956
30268;-0.3;-78.2667;5;1;2;0.425;0.783
30269;-0.3;-78;3;1;1;0.4;0.334
30270;-0.3;-77.7333;2;0;2;0;0.683
30271;-0.3;-77.4667;2;0;2;0;0.713
30391;-0.5667;-79.3333;1;0;1;0;0.646
30392;-0.5667;-79.0667;6;0;4;0;0.95
30393;-0.5667;-78.8;6;1;3;0.212;0.869
30394;-0.5667;-78.5333;3;1;1;0.646;0.585
30395;-0.5667;-78.2667;3;1;1;0.695;0.654
30396;-0.5667;-78;5;1;2;0.319;0.689
30397;-0.5667;-77.7333;2;0;2;0;0.677
30398;-0.5667;-77.4667;2;0;2;0;0.718
30525;-0.8333;-79.0667;5;1;2;0.209;0.585
30526;-0.8333;-78.8;3;1;1;0.655;0.57
30527;-0.8333;-78.5333;3;1;1;0.658;0.593
30528;-0.8333;-78.2667;6;1;3;0.331;0.93
30529;-0.8333;-78;7;0;5;0;0.946
30530;-0.8333;-77.7333;2;0;2;0;0.761
30531;-0.8333;-77.4667;2;0;2;0;0.732
30656;-1.1;-79.3333;1;0;1;0;0.584
30657;-1.1;-79.0667;3;1;1;0.244;0.192
30658;-1.1;-78.8;3;1;1;0.612;0.612
30659;-1.1;-78.5333;3;1;1;0.481;0.406
30660;-1.1;-78.2667;6;1;3;0.295;0.893
30661;-1.1;-78;6;0;5;0;0.971
30789;-1.3667;-79.0667;2;1;1;0.295;0.297
30790;-1.3667;-78.8;1;1;0;0.672;0
30791;-1.3667;-78.5333;1;1;0;0.408;0
30792;-1.3667;-78.2667;1;1;0;0.491;0
30793;-1.3667;-78;2;0;2;0;0.386
30923;-1.6333;-79.3333;1;0;1;0;0.641
30924;-1.6333;-79.0667;2;1;1;0.311;0.275
30925;-1.6333;-78.8;1;1;0;0.672;0
30926;-1.6333;-78.5333;1;1;0;0.408;0
30927;-1.6333;-78.2667;1;1;0;0.452;0
30928;-1.6333;-78;2;0;2;0;0.412
30929;-1.6333;-77.7333;1;0;1;0;0.459
31060;-1.9;-79.0667;4;2;2;0.27;0.313
31061;-1.9;-78.8;3;3;0;0.979;0
31062;-1.9;-78.5333;3;3;0;0.996;0
31063;-1.9;-78.2667;2;2;0;0.723;0
31064;-1.9;-78;2;0;2;0;0.478
31197;-2.1667;-79.0667;4;2;2;0.337;0.331
31198;-2.1667;-78.8;3;3;0;0.963;0
31199;-2.1667;-78.5333;3;3;0;0.998;0
31200;-2.1667;-78.2667;2;2;0;0.745;0
31201;-2.1667;-78;2;1;1;0.276;0.232
31334;-2.4333;-79.3333;1;0;1;0;0.505
31335;-2.4333;-79.0667;4;3;1;0.844;0.16
31336;-2.4333;-78.8;3;3;0;0.978;0
31337;-2.4333;-78.5333;3;3;0;0.966;0
31338;-2.4333;-78.2667;3;2;1;0.495;0.152
31339;-2.4333;-78;1;0;1;0;0.3
31476;-2.7;-79.3333;3;2;1;0.808;0.377
31477;-2.7;-79.0667;4;3;1;0.985;0.459
31478;-2.7;-78.8;3;3;0;0.976;0
31479;-2.7;-78.5333;4;3;1;0.845;0.176
31480;-2.7;-78.2667;3;2;1;0.657;0.219
31622;-2.9667;-79.6;4;2;1;0.678;0.233
31623;-2.9667;-79.3333;5;4;1;0.995;0.325
31624;-2.9667;-79.0667;5;4;1;0.995;0.369
31625;-2.9667;-78.8;2;2;0;0.842;0
31626;-2.9667;-78.5333;5;3;2;0.773;0.444
31627;-2.9667;-78.2667;2;0;2;0;0.721
31775;-3.2333;-79.6;5;4;0;0.978;0
31776;-3.2333;-79.3333;5;4;0;0.992;0
31777;-3.2333;-79.0667;2;2;0;0.802;0
31778;-3.2333;-78.8;1;1;0;0.507;0
31779;-3.2333;-78.5333;3;1;2;0.268;0.643
31932;-3.5;-79.6;4;3;0;0.912;0
31933;-3.5;-79.3333;5;4;0;0.987;0
31934;-3.5;-79.0667;4;2;2;0.422;0.425
31935;-3.5;-78.8;3;1;2;0.236;0.63
31936;-3.5;-78.5333;2;0;2;0;0.739
31937;-3.5;-78.2667;1;0;1;0;0.458
32091;-3.7667;-79.6;3;2;0;0.733;0
32092;-3.7667;-79.3333;3;3;0;0.956;0
32093;-3.7667;-79.0667;4;2;2;0.327;0.371
32094;-3.7667;-78.8;2;0;2;0;0.734
32095;-3.7667;-78.5333;2;0;2;0;0.73
32096;-3.7667;-78.2667;1;0;1;0;0.405
32097;-3.7667;-78;1;0;1;0;0.39
32252;-4.0333;-79.8667;3;2;0;0.652;0
32253;-4.0333;-79.6;2;1;0;0.394;0
32254;-4.0333;-79.3333;4;3;0;0.857;0
32255;-4.0333;-79.0667;6;3;3;0.609;0.62
32256;-4.0333;-78.8;4;1;3;0.27;0.877
32257;-4.0333;-78.5333;3;0;3;0;0.924
32258;-4.0333;-78.2667;3;0;3;0;0.919
32259;-4.0333;-78;1;0;1;0;0.351
32415;-4.3;-79.8667;2;1;0;0.444;0
32416;-4.3;-79.6;2;1;0;0.479;0
32417;-4.3;-79.3333;3;2;0;0.795;0
32418;-4.3;-79.0667;5;2;3;0.536;0.822
32419;-4.3;-78.8;4;1;3;0.271;0.894
32420;-4.3;-78.5333;3;0;3;0;0.932
32421;-4.3;-78.2667;3;0;3;0;0.945
32422;-4.3;-78;1;0;1;0;0.397
32579;-4.5667;-79.8667;3;2;0;0.789;0
32580;-4.5667;-79.6;3;2;0;0.804;0
32581;-4.5667;-79.3333;3;2;0;0.79;0
32582;-4.5667;-79.0667;4;2;1;0.629;0.204
32583;-4.5667;-78.8;5;2;3;0.644;0.883
32584;-4.5667;-78.5333;3;0;3;0;0.935
32585;-4.5667;-78.2667;1;0;1;0;0.371
32744;-4.8333;-79.8667;3;2;0;0.779;0
32745;-4.8333;-79.6;3;2;0;0.79;0
32746;-4.8333;-79.3333;2;2;0;0.77;0
32747;-4.8333;-79.0667;4;0;3;0;0.85
32748;-4.8333;-78.8;4;1;3;0.265;0.889
32749;-4.8333;-78.5333;3;0;3;0;0.91
32911;-5.1;-79.8667;3;2;0;0.752;0
32912;-5.1;-79.6;3;2;0;0.805;0
32913;-5.1;-79.3333;2;2;0;0.761;0
32914;-5.1;-79.0667;5;2;2;0.418;0.447
32915;-5.1;-78.8;5;2;3;0.627;0.866
32916;-5.1;-78.5333;2;0;2;0;0.67
32917;-5.1;-78.2667;1;0;1;0;0.379
32918;-5.1;-78;2;0;2;0;0.585
33085;-5.3667;-79.6;3;2;0;0.868;0
33086;-5.3667;-79.3333;2;2;0;0.878;0
33087;-5.3667;-79.0667;4;2;1;0.685;0.271
33088;-5.3667;-78.8;3;2;1;0.768;0.347
33089;-5.3667;-78.5333;2;1;1;0.426;0.373
33090;-5.3667;-78.2667;3;2;1;0.75;0.323
33091;-5.3667;-78;2;0;2;0;0.667
33092;-5.3667;-77.7333;2;0;2;0;0.755
33093;-5.3667;-77.4667;2;0;2;0;0.788
33257;-5.6333;-79.6;3;2;0;0.865;0
33258;-5.6333;-79.3333;2;2;0;0.891;0
33259;-5.6333;-79.0667;4;3;1;0.907;0.288
33260;-5.6333;-78.8;3;2;1;0.757;0.307
33261;-5.6333;-78.5333;1;0;1;0;0.505
33262;-5.6333;-78.2667;3;2;1;0.768;0.32
33263;-5.6333;-78;4;2;2;0.569;0.586
33264;-5.6333;-77.7333;2;0;2;0;0.794
33265;-5.6333;-77.4667;2;0;2;0;0.798
33266;-5.6333;-77.2;2;0;2;0;0.783
33267;-5.6333;-76.9333;2;0;2;0;0.751
33430;-5.9;-79.6;3;2;0;0.865;0
33431;-5.9;-79.3333;3;2;0;0.863;0
33432;-5.9;-79.0667;5;3;1;0.916;0.263
33433;-5.9;-78.8;3;2;1;0.712;0.292
33434;-5.9;-78.5333;3;2;1;0.719;0.307
33435;-5.9;-78.2667;3;2;1;0.7;0.281
33436;-5.9;-78;2;0;2;0;0.592
33437;-5.9;-77.7333;3;0;3;0;0.925
33438;-5.9;-77.4667;4;1;3;0.181;0.851
33440;-5.9;-76.9333;1;0;1;0;0.36
33606;-6.1667;-79.0667;2;1;0;0.616;0
33607;-6.1667;-78.8;3;2;0;0.937;0
33609;-6.1667;-78.2667;3;2;0;0.927;0
33610;-6.1667;-78;5;2;2;0.639;0.611
33611;-6.1667;-77.7333;2;0;2;0;0.762
33612;-6.1667;-77.4667;2;1;1;0.349;0.32
33613;-6.1667;-77.2;2;0;2;0;0.692
33614;-6.1667;-76.9333;2;0;2;0;0.685
33778;-6.4333;-79.0667;2;1;0;0.632;0
33779;-6.4333;-78.8;3;2;0;0.922;0
33780;-6.4333;-78.5333;3;2;0;0.917;0
33781;-6.4333;-78.2667;3;2;0;0.927;0
33782;-6.4333;-78;4;2;1;0.805;0.386
33783;-6.4333;-77.7333;3;1;2;0.351;0.73
33784;-6.4333;-77.4667;2;0;2;0;0.675
33785;-6.4333;-77.2;2;0;2;0;0.723
33786;-6.4333;-76.9333;2;0;2;0;0.617
33948;-6.7;-79.0667;4;2;0;0.907;0
33949;-6.7;-78.8;3;2;0;0.913;0
33950;-6.7;-78.5333;3;2;0;0.926;0
33951;-6.7;-78.2667;3;2;0;0.91;0
33952;-6.7;-78;4;2;1;0.692;0.235
33953;-6.7;-77.7333;3;1;2;0.251;0.648
33954;-6.7;-77.4667;1;0;1;0;0.294
33955;-6.7;-77.2;1;0;1;0;0.386
34117;-6.9667;-79.0667;4;2;0;0.912;0
34118;-6.9667;-78.8;3;2;0;0.904;0
34119;-6.9667;-78.5333;3;2;0;0.957;0
34120;-6.9667;-78.2667;3;2;0;0.9;0
34121;-6.9667;-78;6;2;2;0.474;0.468
34122;-6.9667;-77.7333;4;1;1;0.353;0.353
34123;-6.9667;-77.4667;2;1;1;0.215;0.199
34290;-7.2333;-78;3;1;0;0.365;0
34291;-7.2333;-77.7333;3;1;0;0.4;0
34292;-7.2333;-77.4667;3;1;0;0.408;0
34298;-7.2333;-75.8667;1;0;1;0;0.677
34459;-7.5;-78;3;1;0;0.35;0
34460;-7.5;-77.7333;3;1;0;0.427;0
34461;-7.5;-77.4667;3;1;0;0.395;0
34462;-7.5;-77.2;1;1;0;0.45;0
34467;-7.5;-75.8667;1;0;1;0;0.633
34627;-7.7667;-78;3;1;0;0.453;0
34628;-7.7667;-77.7333;3;1;0;0.403;0
34629;-7.7667;-77.4667;3;1;0;0.486;0
34630;-7.7667;-77.2;3;1;0;0.372;0
34631;-7.7667;-76.9333;3;1;2;0.23;0.618
34635;-7.7667;-75.8667;1;0;1;0;0.636
34795;-8.0333;-78;3;1;0;0.615;0
34796;-8.0333;-77.7333;3;1;0;0.4;0
34797;-8.0333;-77.4667;3;1;0;0.474;0
34798;-8.0333;-77.2;3;1;0;0.478;0
34799;-8.0333;-76.9333;6;1;2;0.191;0.529
34803;-8.0333;-75.8667;2;0;1;0;0.515
34962;-8.3;-78;2;1;0;0.702;0
34963;-8.3;-77.7333;2;1;0;0.734;0
34964;-8.3;-77.4667;2;1;0;0.765;0
34965;-8.3;-77.2;2;1;0;0.748;0
34966;-8.3;-76.9333;3;1;0;0.365;0
35128;-8.5667;-78;2;1;0;0.671;0
35129;-8.5667;-77.7333;2;1;0;0.771;0
35130;-8.5667;-77.4667;2;1;0;0.733;0
35131;-8.5667;-77.2;2;1;0;0.736;0
35132;-8.5667;-76.9333;2;1;0;0.445;0
35133;-8.5667;-76.6667;2;1;0;0.447;0
35293;-8.8333;-78;2;1;0;0.679;0
35294;-8.8333;-77.7333;2;1;0;0.712;0
35295;-8.8333;-77.4667;2;1;0;0.745;0
35296;-8.8333;-77.2;2;1;0;0.727;0
35297;-8.8333;-76.9333;2;1;0;0.545;0
35298;-8.8333;-76.6667;1;1;0;0.556;0
35299;-8.8333;-76.4;2;1;0;0.41;0
35457;-9.1;-78;2;1;0;0.737;0
35458;-9.1;-77.7333;2;1;0;0.692;0
35459;-9.1;-77.4667;2;1;0;0.729;0
35460;-9.1;-77.2;2;1;0;0.751;0
35461;-9.1;-76.9333;4;3;0;0.96;0
35462;-9.1;-76.6667;4;3;0;0.976;0
35463;-9.1;-76.4;5;3;0;0.923;0
35624;-9.3667;-76.9333;4;3;0;0.985;0
35625;-9.3667;-76.6667;4;3;0;0.987;0
35626;-9.3667;-76.4;4;3;0;0.986;0
35627;-9.3667;-76.1333;4;2;1;0.864;0.46
35632;-9.3667;-74.8;3;0;2;0;0.888
35633;-9.3667;-74.5333;3;0;2;0;0.891
35786;-9.6333;-76.9333;4;3;0;0.991;0
35787;-9.6333;-76.6667;4;3;0;0.993;0
35788;-9.6333;-76.4;4;3;0;0.989;0
35789;-9.6333;-76.1333;5;3;1;0.973;0.403
35790;-9.6333;-75.8667;3;1;0;0.428;0
35791;-9.6333;-75.6;3;1;0;0.408;0
35795;-9.6333;-74.5333;2;0;1;0;0.577
35947;-9.9;-76.9333;1;1;0;0.854;0
35948;-9.9;-76.6667;4;3;0;0.992;0
35949;-9.9;-76.4;4;3;0;0.986;0
35950;-9.9;-76.1333;4;3;0;0.99;0
35951;-9.9;-75.8667;3;2;0;0.88;0
35952;-9.9;-75.6;3;1;0;0.292;0
36107;-10.1667;-76.9333;1;1;0;0.852;0
36108;-10.1667;-76.6667;1;1;0;0.887;0
36109;-10.1667;-76.4;2;2;0;0.984;0
36110;-10.1667;-76.1333;2;2;0;0.981;0
36111;-10.1667;-75.8667;3;2;0;0.89;0
36112;-10.1667;-75.6;3;0;1;0;0.409
36265;-10.4333;-76.9333;2;2;0;0.981;0
36266;-10.4333;-76.6667;2;2;0;0.989;0
36267;-10.4333;-76.4;2;2;0;0.98;0
36268;-10.4333;-76.1333;2;2;0;0.976;0
36269;-10.4333;-75.8667;3;2;0;0.92;0
36270;-10.4333;-75.6;3;2;0;0.891;0
36271;-10.4333;-75.3333;5;2;1;0.735;0.281
36422;-10.7;-76.9333;2;2;0;0.97;0
36423;-10.7;-76.6667;2;2;0;0.994;0
36424;-10.7;-76.4;2;2;0;0.975;0
36425;-10.7;-76.1333;2;2;0;0.991;0
36426;-10.7;-75.8667;2;2;0;0.959;0
36427;-10.7;-75.6;3;2;0;0.797;0
36428;-10.7;-75.3333;5;2;1;0.733;0.287
36431;-10.7;-74.5333;2;0;1;0;0.487
36432;-10.7;-74.2667;2;0;1;0;0.482
36577;-10.9667;-76.9333;2;2;0;0.976;0
36578;-10.9667;-76.6667;2;2;0;0.977;0
36579;-10.9667;-76.4;2;2;0;0.979;0
36580;-10.9667;-76.1333;2;2;0;0.984;0
36581;-10.9667;-75.8667;2;2;0;0.946;0
36582;-10.9667;-75.6;5;2;1;0.726;0.275
36583;-10.9667;-75.3333;3;0;1;0;0.508
36584;-10.9667;-75.0667;3;0;1;0;0.342
36587;-10.9667;-74.2667;2;0;1;0;0.479
36731;-11.2333;-76.9333;1;1;0;0.822;0
36732;-11.2333;-76.6667;1;1;0;0.845;0
36733;-11.2333;-76.4;1;1;0;0.916;0
36734;-11.2333;-76.1333;1;1;0;0.913;0
36735;-11.2333;-75.8667;2;2;0;0.955;0
36736;-11.2333;-75.6;4;2;1;0.875;0.45
36737;-11.2333;-75.3333;2;0;1;0;0.547
36738;-11.2333;-75.0667;4;2;1;0.758;0.322
36739;-11.2333;-74.8;2;1;0;0.433;0
36883;-11.5;-76.9333;1;1;0;0.822;0
36884;-11.5;-76.6667;1;1;0;0.804;0
36885;-11.5;-76.4;1;1;0;0.878;0
36886;-11.5;-76.1333;1;1;0;0.873;0
36887;-11.5;-75.8667;2;2;0;0.974;0
36888;-11.5;-75.6;2;2;0;0.957;0
36889;-11.5;-75.3333;4;2;1;0.887;0.468
36890;-11.5;-75.0667;2;2;0;0.921;0
36891;-11.5;-74.8;2;1;0;0.528;0
36892;-11.5;-74.5333;3;1;1;0.474;0.44
37033;-11.7667;-76.9333;1;1;0;0.846;0
37034;-11.7667;-76.6667;1;1;0;0.818;0
37035;-11.7667;-76.4;1;1;0;0.828;0
37036;-11.7667;-76.1333;1;1;0;0.876;0
37037;-11.7667;-75.8667;2;2;0;0.978;0
37038;-11.7667;-75.6;1;1;0;0.83;0
37039;-11.7667;-75.3333;1;1;0;0.817;0
37040;-11.7667;-75.0667;1;1;0;0.854;0
37041;-11.7667;-74.8;1;1;0;0.795;0
37042;-11.7667;-74.5333;2;1;0;0.513;0
37043;-11.7667;-74.2667;3;1;1;0.473;0.464
37185;-12.0333;-76.4;1;1;0;0.811;0
37186;-12.0333;-76.1333;1;1;0;0.839;0
37187;-12.0333;-75.8667;1;1;0;0.847;0
37188;-12.0333;-75.6;2;2;0;0.966;0
37189;-12.0333;-75.3333;1;1;0;0.778;0
37190;-12.0333;-75.0667;3;2;1;0.956;0.637
37191;-12.0333;-74.8;2;1;1;0.607;0.555
37192;-12.0333;-74.5333;4;1;2;0.362;0.765
37193;-12.0333;-74.2667;4;1;2;0.358;0.753
37195;-12.0333;-73.7333;1;1;0;0.412;0
37196;-12.0333;-73.4667;2;1;1;0.379;0.354
37199;-12.0333;-72.6667;2;0;1;0;0.51
37200;-12.0333;-72.4;2;0;1;0;0.405
37338;-12.3;-75.0667;2;1;1;0.666;0.676
37339;-12.3;-74.8;2;1;1;0.644;0.603
37340;-12.3;-74.5333;2;1;1;0.594;0.612
37341;-12.3;-74.2667;3;1;2;0.574;0.875
37342;-12.3;-74;1;0;1;0;0.518
37343;-12.3;-73.7333;2;1;1;0.445;0.398
37344;-12.3;-73.4667;1;1;0;0.665;0
37345;-12.3;-73.2;2;1;1;0.391;0.392
37347;-12.3;-72.6667;2;0;1;0;0.451
37350;-12.3;-71.8667;4;1;1;0.434;0.45
37351;-12.3;-71.6;4;1;1;0.43;0.428
37485;-12.5667;-75.0667;2;1;1;0.763;0.721
37486;-12.5667;-74.8;2;1;1;0.69;0.694
37487;-12.5667;-74.5333;2;1;1;0.626;0.602
37488;-12.5667;-74.2667;2;1;1;0.632;0.621
37489;-12.5667;-74;2;1;1;0.362;0.356
37491;-12.5667;-73.4667;2;1;1;0.423;0.393
37492;-12.5667;-73.2;1;0;1;0;0.51
37494;-12.5667;-72.6667;2;0;1;0;0.443
37495;-12.5667;-72.4;2;0;1;0;0.401
37497;-12.5667;-71.8667;2;1;0;0.833;0
37498;-12.5667;-71.6;4;1;1;0.439;0.435
37632;-12.8333;-74.8;2;1;1;0.786;0.728
37633;-12.8333;-74.5333;2;1;1;0.706;0.703
37634;-12.8333;-74.2667;2;1;1;0.657;0.596
37635;-12.8333;-74;2;1;1;0.608;0.581
37636;-12.8333;-73.7333;2;1;1;0.419;0.375
37637;-12.8333;-73.4667;1;1;0;0.425;0
37638;-12.8333;-73.2;2;1;1;0.431;0.372
37639;-12.8333;-72.9333;3;1;1;0.401;0.346
37640;-12.8333;-72.6667;2;0;1;0;0.395
37641;-12.8333;-72.4;2;0;1;0;0.389
37643;-12.8333;-71.8667;4;1;1;0.552;0.546
37644;-12.8333;-71.6;4;1;1;0.446;0.44
37777;-13.1;-74.5333;2;1;1;0.677;0.661
37778;-13.1;-74.2667;2;1;1;0.625;0.608
37779;-13.1;-74;2;1;1;0.631;0.564
37780;-13.1;-73.7333;1;0;1;0;0.341
37781;-13.1;-73.4667;2;1;1;0.39;0.342
37782;-13.1;-73.2;2;1;1;0.647;0.614
37783;-13.1;-72.9333;4;2;1;0.917;0.532
37784;-13.1;-72.6667;5;1;2;0.286;0.686
37785;-13.1;-72.4;3;1;1;0.579;0.56
37786;-13.1;-72.1333;2;1;1;0.709;0.671
37787;-13.1;-71.8667;3;1;1;0.53;0.491
37788;-13.1;-71.6;5;1;2;0.413;0.795
37789;-13.1;-71.3333;5;1;2;0.26;0.612
37790;-13.1;-71.0667;5;1;2;0.277;0.629
37920;-13.3667;-74.5333;1;0;1;0;0.858
37921;-13.3667;-74.2667;1;0;1;0;0.82
37922;-13.3667;-74;1;0;1;0;0.694
37923;-13.3667;-73.7333;1;0;1;0;0.7
37924;-13.3667;-73.4667;1;0;1;0;0.708
37925;-13.3667;-73.2;2;0;2;0;0.945
37926;-13.3667;-72.9333;3;1;1;0.589;0.554
37927;-13.3667;-72.6667;3;1;1;0.614;0.546
37928;-13.3667;-72.4;3;1;1;0.626;0.578
37929;-13.3667;-72.1333;2;1;1;0.718;0.718
37930;-13.3667;-71.8667;2;1;1;0.726;0.724
37931;-13.3667;-71.6;2;1;1;0.744;0.693
37932;-13.3667;-71.3333;3;1;1;0.624;0.545
37933;-13.3667;-71.0667;3;1;1;0.574;0.5
37934;-13.3667;-70.8;3;0;1;0;0.35
37935;-13.3667;-70.5333;3;0;1;0;0.382
37937;-13.3667;-70;3;0;1;0;0.427
38061;-13.6333;-74.5333;1;0;1;0;0.823
38062;-13.6333;-74.2667;1;0;1;0;0.805
38063;-13.6333;-74;1;0;1;0;0.722
38064;-13.6333;-73.7333;1;0;1;0;0.683
38065;-13.6333;-73.4667;1;0;1;0;0.707
38066;-13.6333;-73.2;1;0;1;0;0.708
38067;-13.6333;-72.9333;3;1;1;0.603;0.566
38068;-13.6333;-72.6667;3;1;1;0.59;0.582
38069;-13.6333;-72.4;3;1;1;0.612;0.558
38070;-13.6333;-72.1333;3;1;1;0.642;0.572
38071;-13.6333;-71.8667;2;1;1;0.753;0.717
38072;-13.6333;-71.6;2;1;1;0.742;0.705
38073;-13.6333;-71.3333;2;1;1;0.818;0.782
38074;-13.6333;-71.0667;2;1;1;0.76;0.698
38077;-13.6333;-70.2667;3;0;1;0;0.4
38078;-13.6333;-70;3;0;1;0;0.424
38079;-13.6333;-69.7333;2;0;1;0;0.441
38200;-13.9;-75.0667;1;0;1;0;0.716
38201;-13.9;-74.8;1;0;1;0;0.804
38202;-13.9;-74.5333;1;0;1;0;0.842
38203;-13.9;-74.2667;1;0;1;0;0.804
38204;-13.9;-74;1;0;1;0;0.658
38205;-13.9;-73.7333;1;0;1;0;0.678
38206;-13.9;-73.4667;1;0;1;0;0.738
38207;-13.9;-73.2;1;0;1;0;0.652
38208;-13.9;-72.9333;3;1;1;0.568;0.561
38209;-13.9;-72.6667;3;1;1;0.697;0.635
38210;-13.9;-72.4;3;1;1;0.618;0.573
38211;-13.9;-72.1333;3;1;1;0.627;0.592
38212;-13.9;-71.8667;3;1;1;0.678;0.641
38213;-13.9;-71.6;2;1;1;0.767;0.729
38214;-13.9;-71.3333;2;1;1;0.856;0.811
38223;-13.9;-68.9333;3;0;1;0;0.386
38344;-14.1667;-74;1;0;1;0;0.86
38345;-14.1667;-73.7333;1;0;1;0;0.824
38346;-14.1667;-73.4667;1;0;1;0;0.86
38347;-14.1667;-73.2;1;0;1;0;0.857
38348;-14.1667;-72.9333;1;0;1;0;0.834
38349;-14.1667;-72.6667;1;0;1;0;0.908
38350;-14.1667;-72.4;1;0;1;0;0.928
38351;-14.1667;-72.1333;1;0;1;0;0.917
38352;-14.1667;-71.8667;1;0;1;0;0.92
38353;-14.1667;-71.6;1;0;1;0;0.908
38354;-14.1667;-71.3333;1;0;1;0;0.913
38363;-14.1667;-68.9333;2;0;1;0;0.42
38364;-14.1667;-68.6667;2;0;1;0;0.468
38484;-14.4333;-74;1;0;1;0;0.839
38485;-14.4333;-73.7333;1;0;1;0;0.884
38486;-14.4333;-73.4667;1;0;1;0;0.878
38487;-14.4333;-73.2;1;0;1;0;0.878
38488;-14.4333;-72.9333;1;0;1;0;0.867
38490;-14.4333;-72.4;1;0;1;0;0.92
38491;-14.4333;-72.1333;1;0;1;0;0.902
38492;-14.4333;-71.8667;1;0;1;0;0.922
38493;-14.4333;-71.6;1;0;1;0;0.917
38494;-14.4333;-71.3333;1;0;1;0;0.923
38495;-14.4333;-71.0667;1;0;1;0;0.927
38504;-14.4333;-68.6667;2;0;1;0;0.452
38505;-14.4333;-68.4;2;0;1;0;0.432
38506;-14.4333;-68.1333;2;0;1;0;0.482
38625;-14.7;-73.4667;1;0;1;0;0.857
38626;-14.7;-73.2;1;0;1;0;0.88
38635;-14.7;-70.8;1;0;1;0;0.909
38636;-14.7;-70.5333;1;0;1;0;0.913
38637;-14.7;-70.2667;1;0;1;0;0.902
38642;-14.7;-68.9333;2;1;0;0.628;0
38645;-14.7;-68.1333;2;0;1;0;0.441
38761;-14.9667;-74;1;0;1;0;0.854
38762;-14.9667;-73.7333;1;0;1;0;0.833
38763;-14.9667;-73.4667;1;0;1;0;0.821
38764;-14.9667;-73.2;1;0;1;0;0.876
38773;-14.9667;-70.8;1;0;1;0;0.897
38774;-14.9667;-70.5333;1;0;1;0;0.909
38775;-14.9667;-70.2667;1;0;1;0;0.887
38776;-14.9667;-70;1;0;1;0;0.852
38780;-14.9667;-68.9333;1;1;0;0.77;0
38781;-14.9667;-68.6667;2;1;0;0.649;0
38782;-14.9667;-68.4;2;0;1;0;0.447
38917;-15.2333;-68.9333;1;1;0;0.729;0
38918;-15.2333;-68.6667;1;1;0;0.732;0
38919;-15.2333;-68.4;1;0;1;0;0.586
38921;-15.2333;-67.8667;1;0;1;0;0.573
39053;-15.5;-68.9333;1;1;0;0.777;0
39054;-15.5;-68.6667;1;1;0;0.693;0
39055;-15.5;-68.4;1;1;0;0.649;0
39056;-15.5;-68.1333;1;0;1;0;0.607
39058;-15.5;-67.6;1;0;1;0;0.51
39188;-15.7667;-68.6667;1;1;0;0.698;0
39189;-15.7667;-68.4;1;1;0;0.697;0
39190;-15.7667;-68.1333;2;1;1;0.56;0.532
39191;-15.7667;-67.8667;1;0;1;0;0.533
39192;-15.7667;-67.6;1;0;1;0;0.504
39193;-15.7667;-67.3333;1;0;1;0;0.513
39322;-16.0333;-68.4;1;1;0;0.763;0
39323;-16.0333;-68.1333;1;1;0;0.668;0
39324;-16.0333;-67.8667;2;1;1;0.445;0.4
39325;-16.0333;-67.6;1;0;1;0;0.476
39326;-16.0333;-67.3333;1;0;1;0;0.456
39327;-16.0333;-67.0667;2;0;1;0;0.372
39456;-16.3;-67.8667;2;1;1;0.559;0.509
39457;-16.3;-67.6;1;0;1;0;0.573
39459;-16.3;-67.0667;1;0;1;0;0.455
39460;-16.3;-66.8;2;1;1;0.456;0.47
39461;-16.3;-66.5333;1;0;1;0;0.535
39585;-16.5667;-67.8667;1;1;0;0.793;0
39586;-16.5667;-67.6;1;1;0;0.601;0
39587;-16.5667;-67.3333;2;1;1;0.573;0.531
39588;-16.5667;-67.0667;1;1;0;0.448;0
39589;-16.5667;-66.8;2;1;1;0.453;0.422
39590;-16.5667;-66.5333;1;1;0;0.645;0
39591;-16.5667;-66.2667;1;0;1;0;0.45
39592;-16.5667;-66;1;0;1;0;0.467
39711;-16.8333;-67.8667;1;1;0;0.681;0
39712;-16.8333;-67.6;1;1;0;0.644;0
39713;-16.8333;-67.3333;1;1;0;0.699;0
39714;-16.8333;-67.0667;1;1;0;0.598;0
39715;-16.8333;-66.8;1;1;0;0.606;0
39716;-16.8333;-66.5333;1;1;0;0.767;0
39717;-16.8333;-66.2667;1;1;0;0.556;0
39718;-16.8333;-66;1;1;0;0.434;0
39719;-16.8333;-65.7333;1;0;1;0;0.599
39836;-17.1;-67.8667;1;1;0;0.747;0
39837;-17.1;-67.6;1;1;0;0.729;0
39838;-17.1;-67.3333;1;1;0;0.802;0
39839;-17.1;-67.0667;1;1;0;0.651;0
39840;-17.1;-66.8;1;1;0;0.611;0
39841;-17.1;-66.5333;1;1;0;0.84;0
39842;-17.1;-66.2667;1;1;0;0.796;0
39843;-17.1;-66;1;1;0;0.47;0
39844;-17.1;-65.7333;1;1;0;0.401;0
39962;-17.3667;-67.0667;1;1;0;0.891;0
39963;-17.3667;-66.8;1;1;0;0.869;0
39964;-17.3667;-66.5333;1;1;0;0.879;0
39965;-17.3667;-66.2667;1;1;0;0.874;0
39966;-17.3667;-66;1;1;0;0.759;0
39967;-17.3667;-65.7333;1;1;0;0.713;0
39968;-17.3667;-65.4667;1;1;0;0.582;0
39969;-17.3667;-65.2;1;1;0;0.584;0
40084;-17.6333;-66.8;1;1;0;0.891;0
40085;-17.6333;-66.5333;1;1;0;0.877;0
40086;-17.6333;-66.2667;1;1;0;0.87;0
40087;-17.6333;-66;1;1;0;0.704;0
40088;-17.6333;-65.7333;1;1;0;0.725;0
40089;-17.6333;-65.4667;1;1;0;0.736;0
40090;-17.6333;-65.2;1;1;0;0.64;0
40091;-17.6333;-64.9333;2;1;1;0.472;0.448
40092;-17.6333;-64.6667;2;1;1;0.45;0.414
40093;-17.6333;-64.4;1;0;1;0;0.495
40206;-17.9;-66.5333;1;1;0;0.857;0
40207;-17.9;-66.2667;1;1;0;0.872;0
40208;-17.9;-66;1;1;0;0.686;0
40209;-17.9;-65.7333;1;1;0;0.681;0
40210;-17.9;-65.4667;1;1;0;0.655;0
40212;-17.9;-64.9333;1;1;0;0.649;0
40213;-17.9;-64.6667;1;1;0;0.585;0
40215;-17.9;-64.1333;1;0;1;0;0.49
40216;-17.9;-63.8667;1;0;1;0;0.615
40217;-17.9;-63.6;1;0;1;0;0.614
40327;-18.1667;-66;1;1;0;0.922;0
40328;-18.1667;-65.7333;1;1;0;0.903;0
40335;-18.1667;-63.8667;1;0;1;0;0.815
40336;-18.1667;-63.6;1;0;1;0;0.794
40444;-18.4333;-66;1;1;0;0.916;0
40445;-18.4333;-65.7333;1;1;0;0.892;0
40446;-18.4333;-65.4667;1;1;0;0.907;0
40447;-18.4333;-65.2;1;1;0;0.921;0
40452;-18.4333;-63.8667;1;0;1;0;0.834
40453;-18.4333;-63.6;1;0;1;0;0.802
40560;-18.7;-66;1;1;0;0.929;0
40561;-18.7;-65.7333;1;1;0;0.926;0
40562;-18.7;-65.4667;1;1;0;0.911;0
40568;-18.7;-63.8667;1;0;1;0;0.774
40569;-18.7;-63.6;1;0;1;0;0.785
40676;-18.9667;-65.7333;1;1;0;0.924;0
40677;-18.9667;-65.4667;1;1;0;0.922;0
40678;-18.9667;-65.2;1;1;0;0.916;0
40683;-18.9667;-63.8667;1;0;1;0;0.778
40798;-19.2333;-63.8667;1;0;1;0;0.88
40914;-19.5;-63.8667;1;0;1;0;0.88
41029;-19.7667;-63.8667;1;0;1;0;0.884
41030;-19.7667;-63.6;1;0;1;0;0.874
41143;-20.0333;-63.8667;1;0;1;0;0.865
